MeterID,Zone,ConsumerType,Date,EnergyConsumed_kWh,PeakUsage_kWh,OutageMinutes,MeterStatus,TariffRate
1010,South,Residential,2024-01-16,80.28,24.3,0,Active,8.73
1083,Central,Residential,2024-05-16,83.35,30.55,103,Faulty,6.15
1065,South,Commercial,2024-03-14,22.84,8.79,28,Faulty,7.96
1113,Central,Commercial,2024-06-15,61.29,26.42,0,Active,6.15
1039,Central,Residential,2024-04-07,85.6,33.52,0,Active,8.56
1102,Central,Commercial,2024-07-18,38.92,14.92,0,Active,9.12
1123,South,Industrial,2024-09-26,77.91,18.73,0,Active,8.76
1149,Central,Residential,2024-06-02,51.03,15.45,0,Active,9.49
1081,Central,Industrial,2024-11-27,50.59,21.87,180,Faulty,5.78
1007,North,Industrial,2024-09-30,93.44,23.15,0,Active,7.77
1125,Central,Industrial,2024-04-19,35.37,20.42,134,Faulty,4.82
1097,North,Residential,2024-09-10,66.71,20.97,69,Faulty,7.21
1001,Central,Commercial,2024-02-13,105.28,36.48,0,Active,9.18
1138,Central,Industrial,2024-09-23,48.81,16.15,0,Active,8.53
1084,South,Commercial,2024-07-29,29.13,14.78,0,Active,7.13
1038,North,Industrial,2024-01-17,110.7,55.07,0,Active,7.38
1036,North,Industrial,2024-07-26,107.28,30.79,52,Faulty,8.05
1131,South,Industrial,2024-09-22,102.66,23.93,41,Faulty,4.55
1059,South,Commercial,2024-04-20,90.17,33.79,18,Faulty,8.12
1116,South,Residential,2024-08-16,52.89,17.03,0,Active,9.3
1073,Central,Industrial,2024-04-07,104.76,39.87,0,Active,9.3
1067,North,Commercial,2024-09-05,51.2,10.75,35,Faulty,7.66
1048,South,Commercial,2024-09-30,38.76,16.95,0,Active,7.66
1031,Central,Commercial,2024-09-14,38.23,9.82,0,Active,6.52
1093,South,Commercial,2024-08-03,84.37,50.46,0,Active,4.89
1018,Central,Industrial,2024-04-18,34.57,15.22,0,Active,8.64
1003,Central,Industrial,2024-06-07,101.33,54.47,42,Faulty,8.23
1093,Central,Industrial,2024-03-25,89.57,27.2,0,Active,6.26
1017,Central,Residential,2024-09-08,22.87,8.67,0,Active,5.6
1146,South,Commercial,2024-11-28,58.78,25.78,0,Active,5.64
1090,South,Commercial,2024-08-05,73.35,23.69,0,Active,9.35
1136,South,Residential,2024-05-18,80.98,25.85,0,Active,8.65
1041,South,Residential,2024-01-23,115.79,63.84,0,Active,7.3
1011,North,Commercial,2024-08-18,77.1,30.68,73,Faulty,8.22
1049,Central,Residential,2024-08-05,21.53,10.12,0,Active,4.57
1125,Central,Industrial,2024-09-16,80.95,37.01,0,Active,5.52
1029,Central,Industrial,2024-04-02,82.24,38.42,175,Faulty,7.08
1010,Central,Industrial,2024-01-21,29.37,11.51,0,Active,8.82
1076,South,Residential,2024-12-18,117.26,66.47,0,Active,8.29
1048,South,Residential,2024-02-26,65.07,18.23,0,Active,8.81
1025,North,Residential,2024-09-14,102.72,48.31,0,Active,7.82
1003,North,Residential,2024-02-28,102.54,28.3,0,Active,8.22
1078,South,Industrial,2024-11-15,67.67,22.53,0,Active,8.25
1079,Central,Residential,2024-12-14,103.49,31.75,0,Active,5.18
1129,North,Industrial,2024-11-25,98.26,30.54,0,Active,9.34
1101,Central,Industrial,2024-01-11,78.4,38.52,134,Faulty,4.63
1127,North,Residential,2024-03-28,39.61,15.32,115,Faulty,6.95
1063,Central,Industrial,2024-01-08,85.51,31.91,0,Active,6.23
1010,South,Residential,2024-02-08,118.22,45.97,0,Active,5.85
1029,North,Commercial,2024-06-27,23.4,5.97,118,Faulty,9.44
1131,North,Industrial,2024-01-02,8.49,4.2,0,Active,5.7
1128,North,Residential,2024-02-26,20.78,10.31,6,Faulty,6.83
1058,North,Residential,2024-03-18,93.61,47.68,0,Active,5.0
1044,South,Commercial,2024-08-10,45.01,25.83,0,Active,6.65
1026,North,Residential,2024-12-20,67.11,18.8,0,Active,9.12
1077,North,Industrial,2024-07-18,66.2,15.44,0,Active,6.19
1144,North,Commercial,2024-06-13,61.47,33.51,0,Active,5.37
1050,North,Industrial,2024-06-25,86.95,35.08,0,Active,9.1
1005,Central,Industrial,2024-11-15,85.78,28.24,84,Faulty,5.1
1130,South,Industrial,2024-07-14,31.12,12.94,0,Active,6.99
1037,North,Industrial,2024-07-10,20.48,4.77,0,Active,9.42
1127,South,Residential,2024-02-13,34.9,12.72,79,Faulty,5.13
1036,North,Commercial,2024-04-06,20.28,5.51,0,Active,7.97
1089,Central,Commercial,2024-01-31,96.85,41.55,0,Active,5.94
1016,Central,Commercial,2024-03-19,73.0,38.26,64,Faulty,5.51
1057,South,Residential,2024-09-03,25.93,10.76,0,Active,9.16
1008,South,Commercial,2024-07-21,23.0,6.87,0,Active,6.71
1069,North,Commercial,2024-12-16,44.36,13.95,0,Active,7.85
1110,North,Commercial,2024-03-28,78.06,46.57,0,Active,6.66
1110,Central,Industrial,2024-08-12,85.82,18.15,38,Faulty,7.68
1074,South,Industrial,2024-01-07,114.53,59.36,0,Active,5.95
1122,North,Residential,2024-11-02,103.07,56.9,151,Faulty,8.19
1108,North,Commercial,2024-12-02,13.49,4.23,57,Faulty,5.34
1119,North,Commercial,2024-10-12,39.71,18.28,0,Active,9.1
1085,North,Residential,2024-07-23,50.51,12.58,78,Faulty,6.69
1002,Central,Commercial,2024-10-31,87.59,22.37,0,Active,8.53
1120,South,Industrial,2024-11-21,88.07,48.78,0,Active,8.67
1120,Central,Residential,2024-06-02,73.72,18.03,0,Active,7.23
1147,South,Commercial,2024-03-14,93.65,33.52,0,Active,6.51
1100,South,Industrial,2024-07-01,20.04,7.73,0,Active,5.05
1077,North,Residential,2024-02-22,13.56,5.89,0,Active,8.59
1029,South,Residential,2024-04-25,65.08,25.41,0,Active,4.71
1045,South,Commercial,2024-09-04,88.46,20.17,0,Active,7.65
1046,North,Residential,2024-03-05,60.34,34.06,0,Active,5.35
1142,Central,Commercial,2024-11-24,61.4,18.53,0,Active,9.33
1099,Central,Commercial,2024-12-20,103.02,48.51,0,Active,9.4
1015,Central,Residential,2024-09-05,92.43,53.8,68,Faulty,5.51
1029,North,Industrial,2024-04-24,102.17,21.63,0,Active,6.38
1130,North,Residential,2024-10-25,25.25,10.78,56,Faulty,5.73
1074,Central,Residential,2024-11-02,102.26,40.18,0,Active,5.96
1130,North,Industrial,2024-03-09,115.13,34.44,0,Active,9.47
1129,South,Industrial,2024-07-15,17.06,9.75,53,Faulty,5.9
1130,Central,Residential,2024-02-19,83.09,48.63,0,Active,8.07
1067,Central,Residential,2024-03-07,52.2,26.59,0,Active,7.66
1029,Central,Residential,2024-06-23,30.7,18.34,0,Active,7.71
1132,Central,Industrial,2024-12-04,55.53,15.06,0,Active,5.73
1051,South,Commercial,2024-09-21,51.15,21.65,39,Faulty,4.51
1006,North,Commercial,2024-08-19,53.16,14.96,47,Faulty,9.14
1142,Central,Commercial,2024-11-27,13.58,3.82,133,Faulty,6.3
1073,North,Industrial,2024-06-19,50.71,25.87,0,Active,9.43
1116,South,Commercial,2024-02-05,26.87,15.67,0,Active,5.76
1068,South,Industrial,2024-01-09,92.83,44.11,0,Active,9.49
1051,North,Industrial,2024-02-02,88.21,49.96,0,Active,4.76
1080,North,Industrial,2024-03-31,94.9,38.97,0,Active,9.05
1042,North,Commercial,2024-10-31,89.83,20.38,24,Faulty,6.59
1132,Central,Residential,2024-11-20,86.9,42.35,0,Active,8.79
1043,North,Residential,2024-01-10,71.41,24.76,0,Active,8.85
1051,Central,Residential,2024-04-27,103.62,34.02,0,Active,5.83
1106,South,Industrial,2024-04-13,15.44,5.67,0,Active,8.02
1104,South,Residential,2024-07-25,42.67,11.85,0,Active,4.53
1129,Central,Industrial,2024-06-19,43.79,12.61,0,Active,6.03
1103,South,Residential,2024-07-20,70.81,32.35,160,Faulty,6.63
1095,South,Residential,2024-07-30,33.91,6.94,0,Active,7.5
1010,South,Residential,2024-08-26,73.25,26.94,0,Active,6.89
1005,North,Residential,2024-08-09,14.07,6.31,0,Active,8.63
1098,North,Residential,2024-05-08,74.82,27.52,0,Active,6.08
1100,Central,Residential,2024-07-03,102.92,33.24,0,Active,8.05
1092,Central,Industrial,2024-04-13,99.13,39.82,63,Faulty,4.95
1001,South,Industrial,2024-01-25,33.04,14.31,0,Active,6.79
1112,North,Industrial,2024-05-02,98.29,28.8,0,Active,7.22
1055,South,Residential,2024-03-16,89.46,18.57,0,Active,6.35
1149,North,Residential,2024-12-07,18.62,9.66,85,Faulty,8.95
1034,North,Industrial,2024-06-15,64.8,24.14,105,Faulty,7.12
1118,South,Residential,2024-11-24,85.87,32.01,0,Active,7.49
1139,Central,Residential,2024-10-08,107.54,24.57,0,Active,5.21
1058,North,Industrial,2024-08-19,43.67,14.64,88,Faulty,5.37
1080,South,Residential,2024-03-15,43.03,12.37,0,Active,5.22
1074,Central,Commercial,2024-11-06,91.9,53.47,163,Faulty,7.86
1142,North,Industrial,2024-08-29,117.23,66.86,23,Faulty,8.89
1037,Central,Industrial,2024-11-06,76.0,33.94,0,Active,8.22
1021,South,Industrial,2024-07-14,50.09,26.63,0,Active,5.52
1130,Central,Industrial,2024-04-17,101.43,37.06,0,Active,5.67
1060,South,Industrial,2024-10-11,5.38,1.95,15,Faulty,7.6
1059,North,Commercial,2024-10-29,58.78,17.09,0,Active,5.57
1004,Central,Residential,2024-09-24,41.82,13.28,0,Active,5.29
1148,Central,Residential,2024-05-21,118.53,49.81,0,Active,8.42
1122,South,Commercial,2024-11-03,83.8,37.28,0,Active,7.63
1101,South,Residential,2024-02-05,69.67,31.54,0,Active,8.56
1038,Central,Commercial,2024-03-23,24.59,7.02,0,Active,6.92
1047,South,Residential,2024-02-23,67.0,23.95,0,Active,6.1
1047,South,Residential,2024-10-04,47.41,10.04,0,Active,5.41
1103,North,Industrial,2024-06-11,89.96,43.92,126,Faulty,5.8
1104,South,Industrial,2024-03-30,89.31,26.42,0,Active,7.7
1046,Central,Industrial,2024-07-24,104.16,43.74,0,Active,8.87
1127,South,Residential,2024-03-27,67.08,17.55,0,Active,4.96
1147,South,Commercial,2024-02-17,104.12,47.66,0,Active,9.34
1127,South,Residential,2024-12-03,67.89,26.91,0,Active,7.46
1024,North,Residential,2024-07-01,40.13,23.88,0,Active,7.83
1058,North,Commercial,2024-07-28,31.59,10.94,0,Active,5.5
1015,Central,Industrial,2024-11-22,107.31,27.5,0,Active,7.95
1148,South,Industrial,2024-10-26,57.74,30.95,0,Active,7.94
1034,Central,Residential,2024-04-19,98.98,30.58,117,Faulty,8.72
1096,South,Residential,2024-06-30,117.82,50.99,66,Faulty,9.48
1067,South,Industrial,2024-07-29,90.02,34.24,0,Active,9.36
1063,Central,Commercial,2024-10-20,18.22,10.1,0,Active,9.44
1038,Central,Commercial,2024-07-22,115.01,55.0,0,Active,7.02
1144,Central,Industrial,2024-10-09,61.06,35.51,0,Active,6.66
1090,North,Industrial,2024-11-08,27.35,10.3,0,Active,7.41
1015,South,Residential,2024-06-19,10.63,5.87,0,Active,6.08
1146,South,Industrial,2024-04-05,62.73,33.4,0,Active,5.95
1033,South,Industrial,2024-07-26,33.37,19.95,0,Active,8.08
1104,North,Residential,2024-03-15,116.35,26.22,0,Active,9.38
1105,South,Industrial,2024-09-14,111.71,45.36,0,Active,7.97
1038,Central,Commercial,2024-07-13,48.37,26.04,113,Faulty,5.39
1054,Central,Industrial,2024-11-14,108.78,33.58,100,Faulty,8.07
1096,Central,Industrial,2024-07-09,106.98,25.69,0,Active,5.82
1041,North,Industrial,2024-07-12,45.85,17.0,0,Active,8.09
1079,North,Commercial,2024-08-14,23.1,7.13,175,Faulty,9.27
1083,South,Commercial,2024-11-22,27.28,8.14,0,Active,7.15
1079,South,Industrial,2024-02-20,38.8,9.15,0,Active,7.8
1014,Central,Industrial,2024-12-08,109.71,36.22,0,Active,8.9
1007,Central,Commercial,2024-12-21,53.94,31.0,123,Faulty,8.68
1045,North,Commercial,2024-11-12,55.3,12.46,0,Active,8.21
1035,Central,Residential,2024-10-08,53.87,30.41,0,Active,7.22
1097,South,Industrial,2024-06-18,60.51,28.78,124,Faulty,7.45
1022,South,Commercial,2024-05-08,112.87,58.56,17,Faulty,5.21
1076,Central,Industrial,2024-06-12,91.13,40.99,0,Active,5.75
1142,North,Residential,2024-04-12,111.25,43.93,0,Active,8.25
1113,South,Industrial,2024-11-17,10.9,2.69,19,Faulty,8.96
1069,Central,Residential,2024-12-30,73.26,26.42,0,Active,8.87
1089,Central,Industrial,2024-09-19,49.19,21.61,0,Active,5.68
1011,South,Residential,2024-06-11,70.88,39.42,0,Active,7.65
1058,South,Industrial,2024-06-12,56.34,20.5,0,Active,4.62
1063,North,Residential,2024-04-30,60.15,16.37,0,Active,4.81
1104,South,Industrial,2024-08-28,88.5,27.22,0,Active,7.26
1052,North,Residential,2024-03-30,29.06,14.36,0,Active,8.85
1110,North,Residential,2024-01-22,70.56,33.76,17,Faulty,7.72
1025,South,Industrial,2024-09-02,82.92,21.68,20,Faulty,7.9
1083,South,Industrial,2024-06-22,54.77,12.31,0,Active,7.57
1037,Central,Residential,2024-08-14,115.89,38.41,42,Faulty,7.4
1073,Central,Commercial,2024-08-23,61.33,23.3,69,Faulty,6.75
1064,South,Commercial,2024-03-18,7.74,2.9,0,Active,8.35
1074,South,Commercial,2024-01-02,64.72,21.81,0,Active,7.55
1077,Central,Residential,2024-11-27,5.64,1.8,144,Faulty,8.57
1062,South,Industrial,2024-03-14,25.93,5.53,0,Active,7.48
1030,South,Commercial,2024-09-19,33.73,7.93,0,Active,8.23
1112,South,Commercial,2024-02-20,89.69,46.14,0,Active,7.84
1008,South,Commercial,2024-03-27,28.73,15.93,0,Active,8.32
1133,North,Commercial,2024-08-24,18.49,4.28,0,Active,6.2
1144,Central,Commercial,2024-05-15,15.24,4.07,0,Active,7.53
1081,Central,Residential,2024-02-12,71.22,27.24,0,Active,7.14
1057,South,Commercial,2024-03-31,19.08,6.09,174,Faulty,7.6
1112,South,Industrial,2024-06-19,28.63,7.97,0,Active,7.2
1083,North,Commercial,2024-12-01,7.53,1.79,0,Active,8.92
1074,Central,Commercial,2024-06-28,105.21,28.42,0,Active,9.17
1072,North,Commercial,2024-08-21,65.02,13.35,0,Active,4.68
1012,South,Industrial,2024-11-29,99.15,37.73,0,Active,6.03
1021,Central,Residential,2024-02-03,16.53,6.95,0,Active,7.46
1037,North,Commercial,2024-01-11,16.94,6.83,0,Active,7.73
1124,Central,Commercial,2024-03-04,51.84,26.82,0,Active,9.37
1026,Central,Residential,2024-06-06,89.7,23.16,155,Faulty,8.24
1045,South,Residential,2024-12-05,89.77,38.07,0,Active,8.08
1039,North,Commercial,2024-05-20,37.69,11.2,147,Faulty,5.49
1122,North,Industrial,2024-08-24,63.3,29.88,0,Active,9.4
1002,South,Industrial,2024-02-14,65.3,37.69,0,Active,9.37
1087,Central,Residential,2024-05-28,27.13,13.64,0,Active,8.94
1053,South,Industrial,2024-09-15,100.65,31.41,0,Active,9.16
1098,North,Industrial,2024-02-01,57.94,25.1,0,Active,6.49
1089,North,Residential,2024-02-08,33.05,11.93,0,Active,8.28
1011,North,Residential,2024-04-04,35.65,14.81,0,Active,8.73
1121,South,Commercial,2024-05-02,15.79,4.94,0,Active,5.37
1023,South,Residential,2024-02-03,25.78,14.98,0,Active,8.25
1126,South,Commercial,2024-07-10,82.08,22.85,38,Faulty,8.13
1057,South,Industrial,2024-12-02,26.61,8.05,0,Active,8.53
1107,North,Residential,2024-05-21,55.41,32.54,0,Active,8.38
1080,North,Residential,2024-04-13,87.34,27.57,0,Active,7.52
1096,Central,Industrial,2024-04-20,18.49,10.25,0,Active,5.55
1067,North,Industrial,2024-03-21,51.38,20.89,0,Active,4.76
1007,South,Industrial,2024-01-29,42.01,13.97,0,Active,8.1
1110,South,Industrial,2024-07-02,117.62,24.36,19,Faulty,6.65
1143,Central,Residential,2024-11-18,8.69,2.46,0,Active,4.54
1098,Central,Residential,2024-11-01,7.44,1.71,0,Active,7.46
1143,Central,Commercial,2024-01-25,96.37,50.86,28,Faulty,5.3
1046,North,Commercial,2024-06-02,35.98,17.66,0,Active,6.15
1046,South,Residential,2024-01-29,10.73,3.16,56,Faulty,5.51
1074,South,Residential,2024-07-01,102.18,31.12,0,Active,4.87
1016,Central,Industrial,2024-09-20,105.68,49.47,0,Active,8.66
1076,South,Industrial,2024-07-30,45.43,12.96,0,Active,8.13
1078,North,Industrial,2024-04-28,108.48,55.6,0,Active,8.73
1027,North,Residential,2024-10-05,75.3,15.45,0,Active,5.49
1122,Central,Residential,2024-06-08,38.41,17.42,0,Active,5.19
1017,Central,Residential,2024-07-15,70.56,36.58,30,Faulty,7.32
1129,Central,Industrial,2024-10-17,99.05,42.64,0,Active,7.19
1085,North,Commercial,2024-02-29,113.8,35.55,0,Active,4.6
1123,South,Commercial,2024-04-26,94.27,44.2,10,Faulty,4.54
1049,South,Commercial,2024-07-22,28.55,16.75,0,Active,5.05
1127,North,Industrial,2024-01-12,36.68,17.96,0,Active,7.46
1060,North,Residential,2024-12-30,31.38,15.36,58,Faulty,9.44
1150,North,Residential,2024-10-25,10.48,2.76,0,Active,7.04
1099,South,Industrial,2024-01-21,45.15,22.06,60,Faulty,4.98
1061,North,Commercial,2024-10-19,86.94,26.55,83,Faulty,8.85
1044,North,Industrial,2024-01-14,38.19,12.25,0,Active,5.79
1145,North,Residential,2024-09-22,107.49,56.27,76,Faulty,7.28
1083,South,Industrial,2024-06-11,85.96,48.39,0,Active,7.15
1106,South,Commercial,2024-09-05,86.26,22.95,15,Faulty,5.75
1031,North,Residential,2024-04-02,18.1,9.78,0,Active,6.03
1119,South,Industrial,2024-04-17,27.79,9.45,0,Active,7.87
1083,North,Commercial,2024-09-25,84.91,44.89,0,Active,5.16
1069,North,Commercial,2024-02-20,10.3,2.6,83,Faulty,5.01
1008,South,Residential,2024-08-08,10.5,4.0,0,Active,8.36
1140,North,Residential,2024-07-14,87.56,30.86,0,Active,9.19
1113,North,Commercial,2024-03-06,8.77,4.12,0,Active,8.61
1075,South,Residential,2024-11-08,8.99,3.3,0,Active,6.32
1118,South,Residential,2024-07-02,53.18,15.89,0,Active,6.47
1088,South,Residential,2024-11-27,94.88,52.24,0,Active,6.89
1042,North,Industrial,2024-04-28,55.3,27.41,0,Active,8.94
1061,Central,Industrial,2024-02-19,93.31,33.8,0,Active,8.74
1018,Central,Commercial,2024-10-01,82.22,47.24,0,Active,8.07
1102,North,Residential,2024-03-19,49.05,22.92,0,Active,8.28
1131,South,Industrial,2024-06-16,51.44,26.88,0,Active,5.87
1114,South,Commercial,2024-08-19,97.02,46.28,15,Faulty,9.44
1074,South,Commercial,2024-12-14,70.07,26.48,0,Active,6.59
1057,North,Commercial,2024-05-07,86.08,40.54,141,Faulty,5.67
1103,North,Industrial,2024-10-10,29.24,9.68,0,Active,9.45
1104,South,Commercial,2024-04-21,39.81,17.38,0,Active,9.44
1133,South,Residential,2024-12-28,62.77,36.83,0,Active,5.96
1037,North,Commercial,2024-02-27,37.13,20.06,0,Active,8.74
1066,South,Industrial,2024-06-14,110.58,47.13,82,Faulty,7.38
1074,South,Commercial,2024-02-18,14.6,8.72,0,Active,6.06
1149,North,Industrial,2024-07-16,20.83,9.72,0,Active,8.39
1009,South,Residential,2024-10-08,67.23,19.36,0,Active,7.31
1063,South,Commercial,2024-08-03,107.08,58.05,0,Active,6.28
1010,North,Industrial,2024-01-06,63.39,22.83,0,Active,8.52
1086,North,Commercial,2024-05-03,36.21,20.22,40,Faulty,5.46
1069,Central,Industrial,2024-03-27,114.43,36.51,0,Active,7.5
1127,South,Residential,2024-05-03,102.76,56.04,134,Faulty,6.46
1097,Central,Residential,2024-10-26,56.7,24.89,135,Faulty,7.96
1039,Central,Commercial,2024-01-26,94.83,48.26,0,Active,6.1
1068,North,Residential,2024-10-06,38.38,14.31,0,Active,7.82
1045,South,Commercial,2024-06-05,37.24,17.05,0,Active,7.59
1037,South,Residential,2024-06-15,53.8,31.83,0,Active,7.37
1099,Central,Commercial,2024-12-15,65.51,29.67,0,Active,6.65
1063,South,Industrial,2024-12-11,115.8,67.67,0,Active,8.36
1047,South,Industrial,2024-06-20,51.65,23.88,0,Active,7.06
1036,Central,Industrial,2024-07-16,90.82,42.34,0,Active,7.51
1021,North,Industrial,2024-02-03,36.29,8.5,80,Faulty,5.7
1079,Central,Residential,2024-12-23,17.25,7.5,66,Faulty,5.46
1045,Central,Commercial,2024-12-04,66.55,19.1,119,Faulty,5.88
1047,South,Industrial,2024-05-09,112.83,59.53,0,Active,8.2
1118,South,Commercial,2024-07-08,5.83,2.68,0,Active,7.73
1147,South,Industrial,2024-09-27,40.34,22.58,0,Active,5.58
1045,North,Residential,2024-10-05,42.99,18.85,0,Active,6.54
1021,North,Industrial,2024-09-18,7.77,3.33,0,Active,5.29
1102,Central,Residential,2024-11-24,83.23,33.89,0,Active,9.34
1033,North,Industrial,2024-10-18,55.94,31.41,12,Faulty,9.08
1011,South,Commercial,2024-12-10,97.79,34.55,0,Active,5.11
1006,North,Commercial,2024-11-23,67.27,21.41,0,Active,5.88
1059,South,Residential,2024-03-07,72.48,20.71,129,Faulty,6.08
1115,South,Residential,2024-09-03,6.5,2.25,0,Active,4.54
1085,North,Industrial,2024-06-25,35.65,7.22,0,Active,5.98
1077,South,Industrial,2024-06-09,98.27,26.28,0,Active,6.04
1046,North,Commercial,2024-03-14,83.11,42.38,0,Active,8.27
1063,Central,Residential,2024-06-13,89.54,34.19,0,Active,5.01
1136,Central,Commercial,2024-04-21,90.51,43.43,0,Active,5.0
1082,Central,Commercial,2024-07-07,96.9,35.43,122,Faulty,5.4
1025,North,Residential,2024-09-17,103.14,58.66,0,Active,7.26
1039,North,Residential,2024-11-24,78.09,16.16,0,Active,5.88
1027,North,Commercial,2024-05-11,45.35,9.8,164,Faulty,9.32
1144,South,Residential,2024-05-16,17.03,7.07,0,Active,5.48
1048,Central,Residential,2024-04-24,19.62,10.96,0,Active,8.55
1100,South,Industrial,2024-11-24,112.29,34.98,0,Active,6.96
1030,South,Industrial,2024-06-17,109.96,65.69,26,Faulty,6.48
1128,North,Commercial,2024-06-23,26.27,5.85,0,Active,8.96
1105,South,Commercial,2024-10-19,98.32,22.19,0,Active,6.9
1049,North,Industrial,2024-07-24,113.17,31.02,0,Active,7.92
1060,South,Commercial,2024-07-26,12.98,3.14,0,Active,8.86
1097,Central,Commercial,2024-09-07,113.56,45.32,0,Active,5.15
1117,Central,Commercial,2024-11-26,60.47,14.31,0,Active,9.36
1132,North,Commercial,2024-04-15,112.05,60.31,0,Active,9.22
1117,North,Residential,2024-08-28,86.61,31.44,0,Active,8.0
1057,South,Industrial,2024-08-19,101.77,59.41,0,Active,5.87
1017,South,Residential,2024-05-06,70.25,22.93,46,Faulty,6.41
1134,North,Commercial,2024-05-14,83.94,49.48,0,Active,8.3
1138,Central,Industrial,2024-03-05,101.73,42.93,0,Active,6.1
1009,Central,Commercial,2024-10-26,101.52,31.4,0,Active,8.84
1097,South,Industrial,2024-09-02,47.4,27.4,0,Active,7.52
1039,South,Residential,2024-04-05,69.09,37.08,0,Active,8.65
1017,Central,Commercial,2024-03-01,6.31,2.21,0,Active,5.01
1067,North,Industrial,2024-12-18,67.72,30.8,0,Active,8.03
1135,Central,Industrial,2024-02-26,77.41,17.19,0,Active,9.05
1098,South,Residential,2024-07-29,90.18,27.66,0,Active,5.48
1036,South,Residential,2024-10-25,101.53,29.86,0,Active,6.67
1144,South,Industrial,2024-03-12,18.14,5.82,0,Active,5.13
1033,North,Commercial,2024-07-02,116.64,54.55,162,Faulty,4.85
1042,North,Industrial,2024-02-29,70.04,27.18,0,Active,8.12
1048,North,Residential,2024-08-26,83.16,24.34,0,Active,6.06
1048,North,Residential,2024-08-28,47.81,25.5,76,Faulty,9.08
1037,Central,Residential,2024-04-25,47.87,13.25,0,Active,7.07
1077,Central,Industrial,2024-12-14,89.89,47.73,0,Active,5.03
1001,North,Commercial,2024-05-07,65.25,26.04,21,Faulty,6.38
1024,South,Residential,2024-01-18,5.78,1.2,0,Active,5.62
1014,Central,Commercial,2024-12-10,64.25,34.74,137,Faulty,6.49
1055,South,Commercial,2024-04-27,70.53,38.05,0,Active,4.97
1057,Central,Industrial,2024-11-01,19.81,5.62,0,Active,8.98
1114,South,Residential,2024-05-24,116.77,48.55,132,Faulty,6.07
1091,North,Industrial,2024-09-26,18.29,4.67,0,Active,4.7
1033,Central,Commercial,2024-02-04,64.37,15.15,25,Faulty,4.64
1107,Central,Commercial,2024-12-03,6.22,2.02,55,Faulty,7.48
1086,North,Industrial,2024-06-29,87.31,27.41,59,Faulty,9.23
1010,Central,Residential,2024-10-08,86.83,47.67,96,Faulty,8.88
1101,North,Residential,2024-06-18,119.59,38.05,0,Active,7.32
1069,North,Commercial,2024-07-08,19.52,5.05,0,Active,6.13
1010,South,Industrial,2024-09-21,17.44,8.35,0,Active,7.16
1052,South,Commercial,2024-11-19,23.42,9.78,0,Active,9.34
1150,Central,Industrial,2024-10-02,12.92,7.61,0,Active,9.44
1075,South,Residential,2024-12-19,17.83,4.87,172,Faulty,9.4
1143,North,Industrial,2024-08-05,80.54,31.46,0,Active,6.96
1018,South,Commercial,2024-11-16,79.77,34.2,81,Faulty,5.89
1120,North,Residential,2024-01-26,38.93,10.05,0,Active,8.97
1116,South,Residential,2024-07-24,102.85,47.35,0,Active,8.55
1102,Central,Residential,2024-10-18,62.31,17.46,0,Active,9.11
1030,South,Commercial,2024-12-07,91.97,25.44,0,Active,8.25
1140,North,Residential,2024-03-02,29.69,12.09,118,Faulty,9.04
1142,North,Commercial,2024-08-07,10.87,4.42,67,Faulty,7.34
1060,North,Industrial,2024-07-03,78.56,27.37,0,Active,8.77
1111,North,Commercial,2024-05-12,93.37,21.49,0,Active,6.82
1059,Central,Industrial,2024-01-11,89.14,26.68,0,Active,5.29
1121,North,Industrial,2024-01-09,82.96,30.02,0,Active,7.36
1022,North,Residential,2024-03-05,92.08,28.81,0,Active,7.32
1116,Central,Commercial,2024-01-23,45.12,26.3,75,Faulty,8.49
1113,South,Industrial,2024-08-18,81.83,44.89,115,Faulty,8.69
1146,South,Commercial,2024-09-20,77.88,40.79,0,Active,4.51
1123,North,Residential,2024-03-28,27.04,8.67,0,Active,8.19
1052,Central,Residential,2024-02-24,13.6,4.63,0,Active,8.24
1078,Central,Commercial,2024-04-30,118.18,52.91,0,Active,5.75
1095,South,Residential,2024-05-15,6.82,2.54,0,Active,9.36
1057,South,Residential,2024-11-06,91.96,19.52,114,Faulty,4.51
1073,Central,Residential,2024-04-17,48.45,11.82,0,Active,7.1
1145,Central,Industrial,2024-05-01,104.25,60.92,0,Active,7.56
1064,South,Commercial,2024-03-18,70.06,17.29,100,Faulty,5.5
1100,South,Commercial,2024-03-21,57.15,33.97,0,Active,4.67
1133,South,Residential,2024-12-03,89.0,40.27,66,Faulty,7.52
1135,Central,Industrial,2024-02-15,11.61,2.89,0,Active,8.92
1142,North,Commercial,2024-07-25,92.46,33.62,0,Active,7.41
1078,Central,Commercial,2024-06-18,12.1,5.16,0,Active,6.07
1033,South,Commercial,2024-10-27,91.36,24.49,0,Active,8.3
1120,North,Commercial,2024-06-03,61.05,16.58,172,Faulty,5.05
1144,Central,Commercial,2024-01-31,61.51,17.07,29,Faulty,6.08
1009,South,Industrial,2024-08-11,26.04,11.09,0,Active,6.38
1076,South,Industrial,2024-05-10,49.81,24.46,0,Active,7.36
1109,Central,Industrial,2024-08-05,101.39,52.91,0,Active,7.52
1122,North,Commercial,2024-03-30,61.84,25.57,180,Faulty,9.27
1103,North,Residential,2024-05-04,16.38,4.45,0,Active,9.35
1142,North,Residential,2024-03-16,116.6,32.54,0,Active,7.56
1112,North,Residential,2024-02-21,71.21,21.59,173,Faulty,7.02
1104,South,Industrial,2024-07-17,33.2,17.4,0,Active,9.3
1087,South,Commercial,2024-11-01,95.14,21.53,0,Active,4.98
1096,Central,Industrial,2024-12-28,90.91,33.84,0,Active,4.78
1122,Central,Residential,2024-03-21,71.85,26.14,0,Active,8.68
1002,Central,Industrial,2024-01-04,71.36,14.94,0,Active,6.56
1057,South,Commercial,2024-07-07,102.12,21.91,0,Active,8.13
1053,South,Industrial,2024-12-20,80.82,16.74,0,Active,7.29
1037,Central,Industrial,2024-08-09,44.45,10.37,0,Active,9.03
1079,North,Residential,2024-03-16,104.67,24.26,0,Active,8.39
1105,South,Industrial,2024-01-05,52.61,10.95,0,Active,6.58
1058,Central,Industrial,2024-09-30,78.14,31.29,0,Active,7.63
1014,North,Industrial,2024-02-04,37.74,20.74,53,Faulty,8.34
1120,South,Commercial,2024-08-18,70.97,36.52,0,Active,7.0
1022,South,Industrial,2024-03-18,25.26,14.9,0,Active,5.94
1088,Central,Commercial,2024-03-31,85.19,42.79,0,Active,7.89
1047,South,Industrial,2024-07-01,63.93,14.86,0,Active,6.52
1117,North,Commercial,2024-12-09,36.36,11.33,0,Active,9.25
1125,North,Industrial,2024-09-15,49.38,17.42,0,Active,6.49
1132,South,Residential,2024-09-14,119.77,50.76,0,Active,6.54
1047,Central,Residential,2024-07-15,116.06,61.82,48,Faulty,5.52
1052,South,Industrial,2024-01-16,56.85,34.11,0,Active,6.48
1083,Central,Commercial,2024-02-16,51.4,24.23,0,Active,9.09
1112,South,Commercial,2024-03-07,52.85,12.8,0,Active,7.5
1122,South,Commercial,2024-01-14,111.28,66.54,0,Active,4.72
1105,Central,Residential,2024-05-28,60.06,17.98,0,Active,8.72
1042,North,Industrial,2024-05-01,28.93,14.3,0,Active,8.18
1145,North,Commercial,2024-02-13,65.05,13.53,0,Active,4.59
1067,North,Commercial,2024-10-01,88.74,38.72,0,Active,5.68
1088,South,Residential,2024-07-25,108.59,56.37,0,Active,7.55
1128,Central,Commercial,2024-12-02,32.02,6.6,0,Active,5.3
1135,North,Industrial,2024-09-12,86.46,17.44,24,Faulty,6.1
1137,North,Industrial,2024-06-15,86.25,50.55,0,Active,6.54
1047,Central,Residential,2024-12-16,103.3,25.88,24,Faulty,4.59
1072,Central,Residential,2024-07-06,21.18,11.58,169,Faulty,5.03
1057,Central,Industrial,2024-12-09,62.16,37.28,0,Active,8.34
1106,Central,Residential,2024-12-09,44.88,24.39,85,Faulty,7.17
1127,North,Residential,2024-04-15,57.39,13.66,0,Active,8.21
1004,South,Residential,2024-11-08,50.5,16.04,0,Active,9.08
1103,North,Commercial,2024-02-26,88.99,34.02,0,Active,7.02
1075,North,Industrial,2024-12-20,96.49,34.33,0,Active,6.52
1090,South,Residential,2024-04-20,86.27,28.51,0,Active,7.65
1137,Central,Residential,2024-07-25,59.52,15.58,0,Active,8.79
1071,North,Commercial,2024-06-17,41.63,17.56,0,Active,5.56
1103,North,Commercial,2024-01-06,36.91,16.63,0,Active,5.76
1120,South,Residential,2024-10-11,73.82,43.15,0,Active,6.49
1126,North,Commercial,2024-05-02,44.63,15.84,0,Active,5.79
1068,South,Residential,2024-01-18,94.01,47.23,0,Active,5.35
1017,Central,Commercial,2024-12-02,76.23,34.32,0,Active,9.42
1048,Central,Industrial,2024-09-24,42.63,11.58,0,Active,6.78
1017,North,Commercial,2024-04-25,15.51,7.63,0,Active,8.99
1024,North,Commercial,2024-02-16,100.56,54.32,0,Active,9.03
1057,Central,Industrial,2024-02-07,118.71,63.26,76,Faulty,7.99
1071,North,Industrial,2024-01-06,89.57,49.32,0,Active,4.98
1049,North,Commercial,2024-03-26,117.73,26.06,0,Active,7.02
1129,South,Residential,2024-02-23,92.71,33.42,0,Active,5.92
1022,Central,Residential,2024-05-29,54.9,23.03,31,Faulty,8.1
1076,Central,Industrial,2024-01-27,85.46,49.61,0,Active,6.44
1031,North,Commercial,2024-11-22,25.7,14.36,0,Active,5.4
1019,Central,Commercial,2024-04-21,13.96,4.36,0,Active,8.38
1097,South,Industrial,2024-03-11,70.52,35.68,0,Active,5.15
1023,Central,Residential,2024-05-30,19.3,8.85,0,Active,8.32
1009,North,Industrial,2024-10-26,112.88,55.1,0,Active,7.52
1028,North,Residential,2024-12-14,78.01,43.75,0,Active,7.1
1068,North,Industrial,2024-03-26,20.19,8.25,0,Active,5.35
1039,Central,Residential,2024-05-20,59.26,26.51,0,Active,6.76
1072,Central,Industrial,2024-07-04,19.18,10.29,0,Active,8.14
1096,North,Commercial,2024-02-28,73.07,40.92,0,Active,8.38
1118,North,Commercial,2024-03-23,53.17,25.83,74,Faulty,6.36
1011,North,Residential,2024-07-20,40.05,16.35,0,Active,5.6
1016,Central,Residential,2024-01-08,66.08,25.35,0,Active,4.51
1129,Central,Industrial,2024-12-16,77.73,44.03,0,Active,5.07
1030,South,Industrial,2024-02-04,99.38,26.33,0,Active,7.71
1138,Central,Industrial,2024-03-30,94.29,46.12,0,Active,8.1
1011,North,Commercial,2024-01-17,8.05,3.02,0,Active,9.48
1117,South,Residential,2024-10-23,50.45,17.11,30,Faulty,4.82
1052,Central,Commercial,2024-11-06,92.04,28.14,0,Active,7.22
1124,North,Commercial,2024-03-23,58.31,22.78,0,Active,6.59
1032,Central,Commercial,2024-03-09,101.78,36.18,47,Faulty,4.55
1098,North,Commercial,2024-12-04,68.71,19.2,28,Faulty,9.4
1107,Central,Commercial,2024-03-25,24.54,10.5,0,Active,7.17
1089,Central,Commercial,2024-02-07,104.86,62.11,168,Faulty,5.67
1022,South,Residential,2024-06-09,29.16,8.93,0,Active,8.05
1011,South,Industrial,2024-05-24,100.29,34.38,0,Active,7.08
1059,Central,Commercial,2024-06-28,23.16,8.66,0,Active,9.06
1120,Central,Residential,2024-03-19,69.52,17.52,0,Active,7.52
1032,North,Residential,2024-01-31,105.35,33.67,0,Active,9.07
1019,South,Commercial,2024-02-08,59.83,15.2,0,Active,7.17
1125,Central,Commercial,2024-11-01,86.37,30.02,0,Active,8.68
1015,South,Industrial,2024-04-02,50.11,10.1,0,Active,9.42
1079,Central,Commercial,2024-09-22,56.4,17.68,0,Active,5.2
1036,North,Commercial,2024-01-06,71.04,35.26,0,Active,8.63
1123,South,Commercial,2024-05-28,75.19,31.79,124,Faulty,6.5
1003,Central,Residential,2024-09-15,75.21,23.89,14,Faulty,5.67
1023,North,Commercial,2024-01-06,91.66,26.41,109,Faulty,6.92
1028,Central,Residential,2024-08-16,45.46,26.55,0,Active,5.27
1035,Central,Commercial,2024-03-31,49.19,11.91,0,Active,5.14
1045,South,Residential,2024-07-30,66.92,18.53,0,Active,5.83
1020,North,Industrial,2024-12-02,28.84,6.12,0,Active,6.71
1067,South,Commercial,2024-02-06,13.23,7.19,0,Active,8.1
1074,South,Industrial,2024-01-02,19.67,9.77,0,Active,5.12
1112,North,Residential,2024-01-19,79.77,31.69,0,Active,5.82
1036,Central,Residential,2024-03-30,71.05,32.05,0,Active,6.41
1024,Central,Industrial,2024-05-31,31.41,13.69,0,Active,7.81
1018,South,Commercial,2024-06-17,9.19,4.76,0,Active,8.46
1083,South,Commercial,2024-12-18,111.99,29.9,173,Faulty,9.32
1099,Central,Commercial,2024-06-15,74.37,22.19,0,Active,5.98
1050,South,Commercial,2024-09-26,89.79,30.81,0,Active,6.19
1060,North,Industrial,2024-06-19,84.37,31.62,0,Active,6.17
1136,North,Commercial,2024-03-17,28.84,10.53,0,Active,7.43
1106,Central,Industrial,2024-01-15,105.37,55.04,0,Active,8.85
1150,North,Industrial,2024-07-02,62.82,24.82,16,Faulty,6.54
1062,South,Residential,2024-10-27,70.7,40.65,157,Faulty,5.57
1038,South,Industrial,2024-04-23,49.07,24.73,0,Active,4.62
1038,Central,Industrial,2024-06-15,40.23,13.07,0,Active,9.0
1063,Central,Residential,2024-01-13,91.16,31.3,0,Active,4.82
1003,South,Commercial,2024-01-09,34.34,10.43,0,Active,8.86
1111,Central,Commercial,2024-01-10,9.87,2.89,0,Active,5.14
1100,Central,Residential,2024-07-08,51.61,12.49,0,Active,5.43
1058,Central,Industrial,2024-02-09,51.97,21.3,0,Active,5.17
1056,North,Commercial,2024-07-30,49.21,19.16,169,Faulty,7.58
1047,North,Residential,2024-03-09,5.43,1.86,90,Faulty,6.71
1040,North,Commercial,2024-12-27,47.92,11.81,0,Active,7.02
1092,North,Residential,2024-02-16,88.88,44.91,0,Active,6.02
1127,North,Commercial,2024-01-05,6.76,2.4,0,Active,8.39
1133,Central,Residential,2024-07-12,11.88,4.86,28,Faulty,7.82
1148,South,Residential,2024-03-05,106.15,48.31,58,Faulty,7.79
1014,Central,Residential,2024-06-01,15.18,7.59,0,Active,8.73
1095,North,Commercial,2024-10-22,106.8,29.23,81,Faulty,5.39
1067,Central,Commercial,2024-03-28,31.81,9.19,0,Active,6.0
1031,North,Industrial,2024-01-18,82.67,23.2,165,Faulty,8.11
1007,South,Residential,2024-01-30,58.46,18.31,0,Active,7.59
1130,South,Industrial,2024-01-30,101.36,26.11,0,Active,5.85
1068,South,Industrial,2024-12-14,65.31,33.51,0,Active,8.94
1126,Central,Residential,2024-08-12,47.4,28.29,23,Faulty,7.59
1112,South,Residential,2024-10-01,115.42,65.43,0,Active,8.76
1127,North,Residential,2024-11-04,8.14,3.74,0,Active,8.38
1022,South,Commercial,2024-10-22,96.35,46.29,0,Active,5.06
1058,South,Residential,2024-02-02,99.15,51.08,0,Active,8.31
1129,North,Commercial,2024-05-04,8.79,4.7,146,Faulty,7.56
1073,Central,Commercial,2024-04-12,31.82,8.36,0,Active,6.08
1082,Central,Residential,2024-02-16,40.26,21.92,0,Active,4.97
1056,North,Residential,2024-12-30,115.29,61.86,0,Active,8.81
1030,South,Commercial,2024-08-17,54.1,27.66,0,Active,8.53
1150,Central,Industrial,2024-10-02,36.68,21.21,0,Active,8.69
1109,Central,Residential,2024-06-08,84.64,21.35,63,Faulty,7.18
1025,North,Industrial,2024-04-07,13.09,5.43,0,Active,9.03
1099,South,Industrial,2024-12-28,62.28,22.88,0,Active,6.74
1036,North,Industrial,2024-07-24,103.61,24.52,0,Active,5.86
1135,Central,Industrial,2024-03-20,91.01,52.88,0,Active,4.6
1066,North,Commercial,2024-04-06,87.81,23.24,42,Faulty,7.48
1017,South,Residential,2024-10-23,63.4,16.5,0,Active,8.4
1102,North,Commercial,2024-04-09,97.13,55.89,0,Active,4.86
1103,South,Commercial,2024-07-29,91.85,51.57,0,Active,8.33
1050,South,Residential,2024-04-22,107.16,42.76,78,Faulty,7.71
1137,North,Commercial,2024-10-11,79.67,23.06,0,Active,9.49
1129,North,Residential,2024-10-21,35.79,10.13,0,Active,6.71
1141,North,Commercial,2024-04-16,97.28,23.45,0,Active,8.37
1124,Central,Commercial,2024-01-08,63.39,18.24,0,Active,8.9
1076,Central,Industrial,2024-03-09,7.46,3.98,0,Active,8.81
1139,South,Residential,2024-07-21,42.43,21.44,0,Active,8.42
1106,South,Residential,2024-11-04,98.17,36.35,147,Faulty,7.41
1059,North,Industrial,2024-05-30,101.16,54.63,0,Active,5.07
1004,North,Commercial,2024-08-07,117.47,47.21,0,Active,9.23
1083,Central,Commercial,2024-08-13,70.3,26.34,0,Active,5.51
1091,North,Commercial,2024-07-12,51.14,18.49,171,Faulty,7.34
1120,Central,Commercial,2024-06-24,25.95,9.79,82,Faulty,4.92
1005,North,Industrial,2024-07-18,59.65,29.11,88,Faulty,5.44
1089,North,Industrial,2024-01-21,116.15,27.96,76,Faulty,7.03
1134,Central,Residential,2024-09-20,72.58,20.92,135,Faulty,7.95
1064,South,Industrial,2024-02-14,97.88,40.68,0,Active,7.08
1002,South,Industrial,2024-11-19,46.73,16.13,0,Active,6.92
1120,South,Commercial,2024-02-21,119.31,60.12,0,Active,8.35
1095,Central,Residential,2024-09-30,17.3,5.46,114,Faulty,8.6
1071,Central,Commercial,2024-03-01,37.96,21.01,0,Active,7.74
1107,Central,Residential,2024-01-10,39.12,7.96,0,Active,7.77
1053,Central,Residential,2024-05-25,74.05,17.78,0,Active,5.08
1121,Central,Residential,2024-08-30,90.71,34.62,0,Active,7.92
1138,Central,Industrial,2024-03-21,81.05,30.37,0,Active,4.83
1069,South,Commercial,2024-10-14,57.22,29.98,0,Active,7.58
1014,South,Commercial,2024-08-30,46.1,18.39,0,Active,8.43
1057,North,Commercial,2024-02-17,115.55,23.56,0,Active,6.33
1009,Central,Commercial,2024-12-08,36.67,21.2,0,Active,8.75
1094,Central,Residential,2024-08-26,43.69,10.43,0,Active,6.91
1120,North,Residential,2024-04-04,80.65,37.48,0,Active,6.5
1054,South,Industrial,2024-05-27,13.26,4.35,0,Active,7.63
1010,North,Residential,2024-11-12,97.59,36.63,148,Faulty,8.82
1062,North,Industrial,2024-10-17,96.73,31.81,0,Active,8.63
1056,Central,Industrial,2024-12-14,117.99,34.35,11,Faulty,6.17
1064,South,Industrial,2024-05-31,13.18,3.73,0,Active,5.29
1141,South,Residential,2024-04-07,94.6,55.07,0,Active,8.89
1043,Central,Residential,2024-01-23,61.17,24.75,132,Faulty,4.63
1005,South,Residential,2024-03-09,30.01,13.64,0,Active,6.34
1140,North,Residential,2024-03-04,35.46,17.19,0,Active,7.2
1123,South,Residential,2024-02-11,106.69,52.46,0,Active,9.38
1076,Central,Commercial,2024-02-29,16.84,8.98,10,Faulty,6.03
1049,South,Commercial,2024-04-30,67.07,19.22,0,Active,6.61
1132,North,Commercial,2024-11-09,115.09,41.62,0,Active,6.69
1019,South,Commercial,2024-06-22,6.4,1.45,0,Active,7.83
1032,South,Industrial,2024-11-08,26.34,6.45,0,Active,9.49
1051,South,Residential,2024-08-24,108.81,59.74,0,Active,4.63
1131,Central,Residential,2024-11-15,87.46,47.36,0,Active,5.8
1106,North,Commercial,2024-05-06,26.17,8.34,0,Active,5.48
1096,South,Residential,2024-12-18,40.35,19.82,0,Active,7.01
1026,North,Industrial,2024-07-02,108.52,31.61,0,Active,9.48
1147,North,Commercial,2024-06-21,9.93,2.98,0,Active,6.23
1140,South,Industrial,2024-01-07,26.62,13.35,0,Active,4.54
1027,Central,Residential,2024-01-21,100.39,35.07,0,Active,6.65
1143,Central,Industrial,2024-03-29,80.55,47.66,0,Active,8.51
1070,South,Commercial,2024-07-09,107.05,31.05,0,Active,8.9
1061,North,Commercial,2024-03-27,68.94,29.84,0,Active,8.85
1069,Central,Industrial,2024-04-11,107.39,31.67,0,Active,6.08
1050,Central,Commercial,2024-09-04,81.25,20.42,0,Active,8.7
1053,North,Industrial,2024-06-06,77.88,31.12,0,Active,6.29
1053,South,Residential,2024-02-21,21.43,11.63,0,Active,5.98
1076,South,Industrial,2024-06-03,73.31,20.51,0,Active,7.83
1007,South,Industrial,2024-04-08,105.14,55.31,0,Active,5.91
1116,South,Industrial,2024-01-18,30.08,14.02,93,Faulty,9.08
1008,South,Commercial,2024-09-03,14.56,5.66,0,Active,7.12
1148,Central,Commercial,2024-09-29,18.48,7.08,0,Active,6.65
1028,Central,Industrial,2024-10-18,62.89,27.3,0,Active,4.92
1062,South,Residential,2024-01-26,94.87,20.74,180,Faulty,7.28
1127,South,Industrial,2024-07-10,10.42,4.19,0,Active,7.32
1030,North,Industrial,2024-01-26,44.03,25.88,0,Active,8.03
1101,North,Industrial,2024-05-08,84.41,41.62,0,Active,5.66
1002,North,Industrial,2024-12-08,76.08,15.35,0,Active,4.67
1038,North,Residential,2024-11-18,109.08,36.0,0,Active,7.01
1053,North,Residential,2024-07-27,5.92,3.06,0,Active,9.11
1078,South,Residential,2024-07-19,75.71,45.24,76,Faulty,9.25
1082,Central,Commercial,2024-09-11,26.65,10.45,7,Faulty,7.66
1077,Central,Industrial,2024-02-04,35.51,10.46,0,Active,4.97
1057,Central,Residential,2024-05-04,104.61,53.46,46,Faulty,8.19
1022,Central,Industrial,2024-12-06,56.94,24.08,0,Active,5.07
1119,South,Residential,2024-09-14,24.06,11.41,0,Active,5.13
1103,North,Commercial,2024-06-06,113.12,48.61,0,Active,6.35
1140,North,Residential,2024-06-08,119.89,51.42,0,Active,8.38
1138,South,Residential,2024-09-07,50.8,10.37,0,Active,8.24
1119,Central,Commercial,2024-03-17,31.98,14.88,149,Faulty,5.09
1145,Central,Residential,2024-01-17,106.92,42.49,0,Active,7.67
1044,South,Industrial,2024-04-09,73.0,41.3,0,Active,7.6
1016,South,Commercial,2024-10-18,57.65,26.9,0,Active,6.36
1093,Central,Industrial,2024-03-09,41.63,20.0,0,Active,8.23
1126,South,Industrial,2024-02-25,82.53,19.98,0,Active,5.42
1022,North,Commercial,2024-05-20,17.88,6.02,0,Active,5.76
1047,North,Commercial,2024-03-18,55.61,18.81,0,Active,5.86
1007,North,Industrial,2024-07-30,116.73,44.93,0,Active,8.99
1050,Central,Industrial,2024-09-28,20.0,6.68,0,Active,8.88
1056,North,Residential,2024-06-08,46.36,13.66,128,Faulty,4.6
1090,North,Residential,2024-09-21,116.42,65.61,0,Active,5.86
1098,North,Commercial,2024-03-23,59.08,18.52,0,Active,6.3
1083,South,Industrial,2024-04-30,112.4,47.79,173,Faulty,8.74
1035,Central,Commercial,2024-11-30,112.37,56.7,47,Faulty,6.09
1143,Central,Residential,2024-09-03,75.11,44.31,0,Active,5.12
1130,North,Residential,2024-09-13,31.89,16.36,47,Faulty,9.24
1047,South,Industrial,2024-04-07,100.05,34.85,91,Faulty,5.26
1123,Central,Residential,2024-01-25,119.61,33.54,0,Active,5.03
1060,Central,Commercial,2024-11-30,26.2,9.75,0,Active,7.0
1150,South,Residential,2024-06-19,74.25,28.19,0,Active,5.0
1025,North,Commercial,2024-05-12,107.41,31.44,0,Active,5.94
1133,North,Commercial,2024-02-28,95.74,31.97,0,Active,5.07
1040,North,Industrial,2024-10-28,8.68,2.02,0,Active,5.56
1118,Central,Commercial,2024-05-27,100.54,53.59,0,Active,6.44
1096,South,Commercial,2024-10-19,111.14,32.38,0,Active,5.18
1007,North,Residential,2024-01-18,73.51,26.34,0,Active,8.37
1072,Central,Residential,2024-11-04,71.42,25.42,55,Faulty,8.57
1122,North,Commercial,2024-04-06,48.18,9.88,0,Active,8.31
1045,Central,Residential,2024-04-06,31.87,7.17,0,Active,7.49
1013,South,Residential,2024-10-05,48.21,9.79,142,Faulty,4.58
1143,North,Commercial,2024-08-09,29.67,10.11,0,Active,8.11
1099,Central,Commercial,2024-08-06,65.93,32.82,0,Active,7.87
1096,North,Commercial,2024-04-03,108.36,59.56,0,Active,6.23
1084,Central,Residential,2024-08-26,94.19,32.49,46,Faulty,4.53
1012,South,Residential,2024-11-08,80.54,28.61,30,Faulty,9.25
1078,South,Industrial,2024-12-08,116.16,38.22,0,Active,8.46
1021,South,Commercial,2024-03-26,68.85,28.4,0,Active,7.0
1069,Central,Commercial,2024-08-02,21.21,11.31,0,Active,7.15
1020,North,Commercial,2024-12-23,37.29,11.72,114,Faulty,7.72
1038,South,Commercial,2024-06-25,107.78,26.46,27,Faulty,5.32
1110,Central,Industrial,2024-07-04,55.24,14.7,0,Active,6.64
1131,South,Industrial,2024-12-12,115.17,43.59,0,Active,4.84
1048,Central,Commercial,2024-10-21,21.3,7.53,0,Active,4.91
1081,North,Residential,2024-07-02,93.93,27.17,0,Active,6.34
1040,Central,Industrial,2024-05-04,25.99,7.92,0,Active,5.8
1012,South,Industrial,2024-07-06,9.75,3.04,0,Active,8.45
1088,North,Commercial,2024-02-12,47.99,20.18,0,Active,9.27
1099,North,Industrial,2024-04-09,38.07,12.18,0,Active,7.75
1088,Central,Residential,2024-11-17,89.15,43.85,56,Faulty,6.15
1067,North,Residential,2024-11-13,48.34,14.2,0,Active,7.99
1008,South,Industrial,2024-02-28,28.01,7.62,0,Active,6.77
1144,North,Commercial,2024-06-13,118.08,50.42,0,Active,7.61
1084,North,Residential,2024-09-11,17.55,5.45,0,Active,6.78
1122,Central,Commercial,2024-06-23,20.17,4.17,0,Active,7.02
1123,South,Industrial,2024-06-04,72.54,26.07,0,Active,7.56
1130,Central,Industrial,2024-08-12,53.55,30.88,0,Active,8.43
1109,Central,Commercial,2024-02-26,112.92,52.89,0,Active,6.29
1076,North,Industrial,2024-02-07,41.19,16.85,0,Active,5.77
1106,Central,Commercial,2024-10-11,52.86,15.52,0,Active,6.74
1091,Central,Residential,2024-06-28,104.52,45.93,139,Faulty,6.92
1150,South,Residential,2024-04-04,108.55,46.48,67,Faulty,6.01
1037,Central,Commercial,2024-03-08,72.05,23.79,0,Active,4.67
1087,South,Commercial,2024-07-24,9.91,4.88,152,Faulty,6.66
1013,South,Residential,2024-02-03,20.02,7.24,0,Active,4.81
1108,North,Residential,2024-03-15,50.48,23.14,19,Faulty,6.43
1039,North,Residential,2024-09-21,24.84,7.89,0,Active,5.74
1109,South,Industrial,2024-10-09,58.05,30.52,0,Active,7.72
1033,Central,Commercial,2024-06-08,55.89,18.11,15,Faulty,7.33
1111,South,Industrial,2024-01-12,42.99,14.78,0,Active,5.96
1145,North,Commercial,2024-05-15,103.55,41.73,0,Active,6.6
1069,Central,Industrial,2024-05-09,5.97,3.21,0,Active,7.7
1012,Central,Commercial,2024-02-22,117.88,52.94,0,Active,7.52
1081,South,Residential,2024-06-21,80.24,46.24,0,Active,5.94
1132,South,Industrial,2024-09-28,101.53,35.58,160,Faulty,5.03
1117,South,Residential,2024-09-17,89.2,42.92,0,Active,7.06
1115,South,Industrial,2024-10-11,107.89,38.2,0,Active,7.65
1077,North,Commercial,2024-02-25,99.45,22.17,105,Faulty,8.97
1002,North,Commercial,2024-07-29,85.3,48.92,0,Active,7.34
1115,South,Industrial,2024-05-14,10.79,3.29,0,Active,5.44
1089,Central,Commercial,2024-06-22,6.76,3.02,133,Faulty,8.06
1105,South,Residential,2024-10-26,106.97,21.77,0,Active,5.15
1061,North,Residential,2024-05-08,40.83,17.54,0,Active,8.07
1089,South,Residential,2024-11-11,6.85,3.18,0,Active,4.51
1046,South,Commercial,2024-03-15,94.41,27.2,0,Active,4.87
1079,South,Residential,2024-11-14,69.64,22.19,0,Active,6.27
1068,North,Commercial,2024-09-03,84.26,33.45,0,Active,4.96
1044,North,Commercial,2024-07-08,61.44,16.27,0,Active,5.36
1147,Central,Residential,2024-03-14,68.2,35.02,0,Active,7.03
1080,Central,Residential,2024-01-15,39.34,17.24,108,Faulty,8.51
1017,North,Industrial,2024-02-04,24.02,10.34,0,Active,8.61
1114,Central,Residential,2024-03-28,28.63,11.49,0,Active,9.22
1115,Central,Industrial,2024-04-19,35.29,8.71,0,Active,4.66
1021,North,Industrial,2024-03-30,71.4,38.31,0,Active,8.92
1119,Central,Commercial,2024-02-01,103.67,56.95,0,Active,6.25
1143,South,Residential,2024-01-30,5.07,1.57,0,Active,7.74
1025,South,Industrial,2024-06-27,32.18,11.22,152,Faulty,8.84
1096,South,Residential,2024-07-21,38.92,19.23,0,Active,9.5
1080,North,Commercial,2024-11-26,116.17,66.33,146,Faulty,8.94
1002,South,Commercial,2024-07-29,73.07,37.69,0,Active,6.36
1089,South,Commercial,2024-05-01,53.88,25.26,0,Active,5.91
1090,Central,Commercial,2024-04-20,42.25,22.03,0,Active,4.69
1018,Central,Commercial,2024-10-10,117.95,63.97,0,Active,6.39
1028,North,Industrial,2024-04-02,96.55,44.2,0,Active,6.95
1028,Central,Industrial,2024-09-07,93.51,52.14,0,Active,5.58
1146,South,Commercial,2024-03-29,110.66,35.53,0,Active,5.32
1081,North,Industrial,2024-04-10,78.88,19.69,129,Faulty,5.81
1092,South,Industrial,2024-07-13,65.15,15.08,0,Active,9.38
1035,South,Commercial,2024-05-31,85.15,33.76,0,Active,4.78
1035,Central,Commercial,2024-03-24,107.7,50.24,112,Faulty,5.24
1128,South,Residential,2024-02-11,88.54,30.93,82,Faulty,8.56
1149,South,Industrial,2024-02-19,63.76,36.74,0,Active,5.22
1043,North,Residential,2024-02-04,66.03,17.87,72,Faulty,9.18
1037,North,Commercial,2024-07-18,113.7,63.02,77,Faulty,8.25
1089,Central,Industrial,2024-10-08,9.38,3.27,80,Faulty,7.64
1144,North,Industrial,2024-09-23,16.37,9.3,0,Active,7.63
1095,North,Commercial,2024-03-29,20.95,8.35,14,Faulty,8.78
1033,Central,Residential,2024-11-14,54.42,31.33,0,Active,5.74
1030,South,Commercial,2024-09-28,98.03,29.36,20,Faulty,7.03
1074,Central,Industrial,2024-11-20,97.42,57.12,0,Active,5.63
1096,North,Industrial,2024-04-19,53.27,13.92,0,Active,6.23
1036,Central,Residential,2024-10-13,44.41,22.02,0,Active,5.56
1078,North,Industrial,2024-06-09,39.59,12.61,0,Active,7.0
1014,South,Residential,2024-06-30,52.88,15.69,0,Active,6.35
1022,North,Industrial,2024-04-13,17.54,8.27,0,Active,9.2
1027,North,Industrial,2024-11-16,50.51,23.54,0,Active,4.59
1137,North,Industrial,2024-10-13,43.02,12.17,63,Faulty,6.53
1121,South,Industrial,2024-02-19,102.66,35.52,0,Active,6.35
1008,Central,Industrial,2024-10-24,14.05,4.56,166,Faulty,7.69
1045,Central,Commercial,2024-12-22,106.23,52.18,147,Faulty,9.07
1143,Central,Commercial,2024-06-24,36.16,9.67,0,Active,8.66
1065,North,Commercial,2024-02-28,116.61,44.43,0,Active,5.47
1147,North,Residential,2024-01-20,111.29,62.31,0,Active,6.48
1014,South,Commercial,2024-06-03,63.33,33.92,0,Active,5.59
1079,South,Residential,2024-07-24,66.78,35.94,143,Faulty,6.88
1049,Central,Commercial,2024-08-07,95.57,46.39,90,Faulty,4.57
1074,North,Commercial,2024-10-15,96.25,33.92,0,Active,5.72
1090,South,Industrial,2024-07-24,28.74,14.17,0,Active,7.09
1091,Central,Industrial,2024-10-01,48.8,19.46,0,Active,7.38
1147,North,Residential,2024-01-01,5.05,1.71,0,Active,8.27
1124,Central,Commercial,2024-12-05,91.63,24.37,0,Active,9.32
1126,South,Industrial,2024-12-03,56.25,29.31,0,Active,6.98
1102,North,Residential,2024-03-31,40.74,17.47,128,Faulty,6.46
1111,North,Industrial,2024-08-05,85.83,30.8,34,Faulty,5.08
1072,North,Commercial,2024-05-24,118.39,34.21,0,Active,4.52
1136,Central,Residential,2024-08-26,95.7,26.43,0,Active,8.91
1040,North,Industrial,2024-10-22,20.4,9.46,0,Active,6.27
1033,South,Residential,2024-07-29,32.69,16.26,0,Active,8.36
1060,Central,Commercial,2024-11-28,11.32,5.86,0,Active,7.55
1102,Central,Residential,2024-02-25,117.82,59.56,89,Faulty,6.36
1114,Central,Industrial,2024-03-10,81.02,27.38,0,Active,4.98
1148,North,Commercial,2024-12-10,54.97,31.71,0,Active,9.03
1047,South,Commercial,2024-10-27,22.21,8.56,0,Active,4.6
1013,Central,Residential,2024-06-26,97.38,48.53,0,Active,7.39
1136,Central,Industrial,2024-05-24,82.7,32.2,0,Active,8.75
1101,Central,Commercial,2024-05-02,62.22,27.23,0,Active,5.2
1123,North,Industrial,2024-06-02,59.95,22.17,118,Faulty,9.25
1034,Central,Commercial,2024-08-28,57.67,26.4,0,Active,8.16
1012,North,Residential,2024-07-30,93.91,37.44,0,Active,6.4
1080,Central,Residential,2024-02-19,18.18,7.2,0,Active,4.88
1075,Central,Commercial,2024-12-13,101.88,42.76,0,Active,8.04
1057,Central,Industrial,2024-06-20,88.87,27.53,42,Faulty,4.87
1032,South,Residential,2024-09-24,22.18,12.12,56,Faulty,7.33
1085,South,Industrial,2024-12-01,15.76,4.51,0,Active,6.32
1116,Central,Industrial,2024-08-07,53.45,26.61,14,Faulty,7.29
1141,Central,Residential,2024-04-06,109.42,48.39,0,Active,6.03
1031,South,Commercial,2024-04-22,31.87,11.8,0,Active,6.97
1117,North,Industrial,2024-02-20,80.73,18.88,0,Active,9.06
1150,South,Industrial,2024-04-01,115.34,63.15,0,Active,4.57
1044,North,Commercial,2024-12-02,72.45,27.17,113,Faulty,6.8
1142,Central,Industrial,2024-07-24,8.03,4.71,0,Active,8.41
1138,Central,Industrial,2024-10-28,14.96,8.55,0,Active,7.59
1147,Central,Residential,2024-10-29,44.2,23.53,0,Active,7.68
1024,North,Industrial,2024-12-19,59.82,13.11,0,Active,8.45
1005,North,Commercial,2024-01-14,67.79,31.18,13,Faulty,6.08
1082,South,Industrial,2024-10-11,49.18,24.69,0,Active,5.39
1113,Central,Commercial,2024-09-28,71.83,25.82,0,Active,9.38
1098,North,Commercial,2024-10-04,31.94,11.8,0,Active,7.54
1034,North,Industrial,2024-07-26,79.43,18.69,0,Active,6.36
1128,South,Residential,2024-10-14,8.68,4.5,85,Faulty,7.28
1037,North,Industrial,2024-12-01,29.31,12.88,0,Active,4.5
1053,Central,Commercial,2024-01-28,39.71,14.31,0,Active,4.84
1115,North,Industrial,2024-09-12,97.32,24.45,94,Faulty,7.33
1037,Central,Residential,2024-03-19,79.61,42.92,149,Faulty,8.37
1121,South,Industrial,2024-11-17,62.03,24.72,93,Faulty,5.77
1146,South,Industrial,2024-05-20,81.28,30.18,89,Faulty,8.67
1010,South,Commercial,2024-08-26,54.81,23.02,0,Active,7.24
1145,Central,Commercial,2024-10-26,104.9,40.98,152,Faulty,5.4
1029,Central,Commercial,2024-04-18,77.45,23.42,0,Active,7.98
1135,Central,Residential,2024-02-19,74.42,42.14,0,Active,6.77
1089,North,Commercial,2024-06-13,118.68,30.04,29,Faulty,4.52
1058,North,Residential,2024-07-10,55.72,15.38,0,Active,9.42
1081,North,Residential,2024-08-12,94.27,47.9,137,Faulty,7.22
1017,North,Commercial,2024-07-20,100.0,49.89,0,Active,5.69
1117,South,Residential,2024-02-25,16.0,8.73,0,Active,5.52
1130,Central,Commercial,2024-08-17,18.84,8.64,0,Active,4.68
1008,North,Industrial,2024-03-29,67.16,23.33,0,Active,8.25
1133,North,Commercial,2024-11-23,12.83,5.84,0,Active,9.16
1022,North,Industrial,2024-08-27,62.26,33.65,0,Active,7.78
1002,North,Commercial,2024-06-10,114.62,33.29,0,Active,5.91
1036,North,Commercial,2024-04-16,14.88,5.87,5,Faulty,7.22
1078,North,Industrial,2024-05-03,12.9,2.82,0,Active,6.3
1090,South,Commercial,2024-07-15,8.4,2.85,173,Faulty,7.13
1078,North,Industrial,2024-12-12,9.18,2.18,0,Active,5.18
1023,North,Commercial,2024-02-12,105.75,61.76,68,Faulty,8.96
1067,South,Industrial,2024-06-29,92.16,52.6,0,Active,4.8
1098,Central,Residential,2024-07-02,58.38,20.63,0,Active,5.78
1027,North,Residential,2024-07-27,26.28,15.3,0,Active,8.9
1130,South,Commercial,2024-11-14,105.33,59.2,0,Active,6.09
1025,North,Commercial,2024-09-18,107.22,55.5,0,Active,6.9
1094,North,Commercial,2024-12-14,13.96,7.17,17,Faulty,5.04
1107,North,Commercial,2024-12-22,55.84,27.25,30,Faulty,7.72
1093,South,Industrial,2024-08-07,47.38,12.39,159,Faulty,9.2
1066,Central,Commercial,2024-10-28,64.45,34.48,0,Active,8.62
1052,North,Commercial,2024-01-07,74.42,15.47,102,Faulty,6.87
1071,North,Industrial,2024-06-14,47.32,10.4,0,Active,7.0
1065,Central,Industrial,2024-09-16,43.07,16.96,83,Faulty,7.7
1065,North,Residential,2024-08-09,28.7,15.34,0,Active,6.13
1030,North,Residential,2024-11-24,58.51,29.87,0,Active,8.44
1095,North,Commercial,2024-01-21,28.22,9.65,34,Faulty,8.65
1037,North,Industrial,2024-01-09,83.96,28.09,0,Active,9.18
1135,North,Residential,2024-06-14,11.3,6.23,38,Faulty,6.16
1098,North,Industrial,2024-04-28,21.86,5.6,42,Faulty,7.17
1028,Central,Residential,2024-04-12,67.36,16.16,53,Faulty,4.71
1057,Central,Commercial,2024-06-22,50.9,24.52,0,Active,9.08
1124,Central,Residential,2024-07-07,17.97,10.13,0,Active,7.3
1138,North,Residential,2024-04-24,98.95,48.34,20,Faulty,5.37
1051,North,Commercial,2024-03-10,43.06,18.23,170,Faulty,6.19
1112,Central,Commercial,2024-03-21,83.58,50.02,0,Active,7.14
1064,North,Industrial,2024-06-19,74.32,29.71,0,Active,5.07
1019,Central,Industrial,2024-05-01,48.71,18.34,0,Active,6.83
1038,South,Commercial,2024-11-14,29.49,11.06,0,Active,5.35
1130,Central,Industrial,2024-01-14,38.23,21.74,0,Active,5.82
1092,South,Residential,2024-09-01,43.73,11.14,0,Active,4.53
1134,South,Commercial,2024-09-02,75.45,31.09,0,Active,9.3
1070,Central,Residential,2024-08-21,77.16,34.93,31,Faulty,5.19
1033,North,Residential,2024-11-26,38.92,8.19,0,Active,5.02
1052,South,Residential,2024-07-27,7.81,4.31,0,Active,6.53
1028,North,Residential,2024-08-26,11.3,6.49,0,Active,4.94
1049,Central,Residential,2024-03-11,93.38,34.13,0,Active,8.72
1025,Central,Industrial,2024-09-18,84.18,19.81,0,Active,4.93
1044,Central,Residential,2024-08-02,84.59,19.37,0,Active,8.77
1001,South,Industrial,2024-12-20,89.03,37.53,127,Faulty,4.61
1050,North,Commercial,2024-07-22,117.82,51.74,0,Active,7.46
1031,North,Commercial,2024-07-06,107.67,54.66,31,Faulty,9.33
1133,South,Industrial,2024-03-13,6.58,1.45,0,Active,5.99
1111,South,Industrial,2024-05-10,40.74,8.38,0,Active,8.97
1103,North,Residential,2024-02-25,117.53,46.29,155,Faulty,8.92
1005,North,Residential,2024-12-01,10.6,2.75,0,Active,7.7
1024,South,Industrial,2024-05-03,119.67,32.33,0,Active,7.51
1009,Central,Commercial,2024-07-29,33.81,7.59,0,Active,8.74
1100,North,Industrial,2024-10-16,115.83,62.8,0,Active,4.67
1127,Central,Industrial,2024-09-08,49.66,27.7,0,Active,6.07
1030,South,Residential,2024-02-29,56.61,25.67,155,Faulty,5.71
1040,Central,Industrial,2024-01-28,96.07,26.18,0,Active,5.3
1104,North,Commercial,2024-10-03,74.3,23.61,0,Active,5.85
1066,South,Residential,2024-10-07,21.88,12.93,0,Active,4.8
1001,South,Industrial,2024-09-18,106.6,59.13,0,Active,6.57
1036,Central,Residential,2024-11-30,78.62,37.38,92,Faulty,7.64
1076,North,Commercial,2024-07-18,117.84,38.91,0,Active,6.04
1033,North,Commercial,2024-12-01,28.95,8.98,0,Active,6.87
1087,North,Residential,2024-11-21,25.12,12.57,15,Faulty,9.42
1121,North,Industrial,2024-09-09,68.49,14.96,0,Active,7.44
1062,South,Commercial,2024-11-18,13.99,2.91,46,Faulty,5.42
1009,Central,Industrial,2024-02-03,61.72,30.31,0,Active,8.73
1144,North,Commercial,2024-04-11,24.55,12.83,0,Active,7.69
1141,South,Industrial,2024-01-29,5.52,2.61,0,Active,8.17
1109,South,Commercial,2024-10-23,68.6,35.37,0,Active,8.86
1109,South,Residential,2024-02-26,109.45,27.51,8,Faulty,9.21
1036,Central,Residential,2024-04-17,103.06,48.23,0,Active,7.88
1119,Central,Commercial,2024-09-07,64.9,19.81,0,Active,4.76
1039,North,Commercial,2024-10-14,69.12,28.28,0,Active,7.55
1097,Central,Industrial,2024-04-15,86.57,31.05,0,Active,6.09
1134,North,Residential,2024-01-16,103.98,30.45,53,Faulty,6.87
1022,North,Residential,2024-04-27,59.27,24.37,28,Faulty,8.86
1002,South,Residential,2024-02-23,71.83,21.73,0,Active,8.68
1054,North,Industrial,2024-08-11,83.41,30.24,0,Active,7.68
1024,South,Residential,2024-04-16,21.4,7.97,0,Active,6.06
1132,South,Residential,2024-11-22,33.93,17.59,0,Active,8.01
1133,North,Residential,2024-10-10,92.63,28.73,0,Active,9.31
1033,Central,Residential,2024-08-09,57.97,14.82,0,Active,8.41
1043,Central,Residential,2024-02-11,95.25,52.42,0,Active,5.35
1093,Central,Residential,2024-10-04,72.97,14.74,177,Faulty,4.99
1141,Central,Residential,2024-09-09,89.11,36.11,0,Active,6.58
1026,Central,Commercial,2024-07-17,84.95,31.22,0,Active,5.09
1002,South,Commercial,2024-06-21,100.38,47.74,0,Active,4.64
1148,Central,Industrial,2024-03-14,17.68,6.66,0,Active,7.56
1147,North,Residential,2024-08-12,71.42,32.78,0,Active,5.23
1051,North,Residential,2024-09-04,81.05,23.32,0,Active,7.03
1031,Central,Commercial,2024-04-26,25.31,8.52,8,Faulty,6.86
1106,North,Commercial,2024-10-25,30.61,17.43,0,Active,5.93
1026,Central,Residential,2024-05-29,72.9,26.23,0,Active,7.75
1106,Central,Commercial,2024-07-31,51.67,23.49,0,Active,7.31
1125,South,Industrial,2024-10-14,33.8,15.42,0,Active,4.98
1035,South,Commercial,2024-06-12,72.99,30.38,0,Active,4.55
1125,South,Industrial,2024-06-26,64.75,38.05,0,Active,6.68
1135,Central,Residential,2024-08-24,76.79,30.02,0,Active,6.57
1063,North,Industrial,2024-03-04,105.16,54.49,0,Active,8.08
1108,Central,Residential,2024-01-06,60.05,19.89,0,Active,7.72
1070,South,Commercial,2024-05-03,71.63,19.66,0,Active,5.71
1140,North,Residential,2024-01-10,79.24,37.75,0,Active,6.23
1018,South,Residential,2024-05-13,27.59,11.4,0,Active,7.75
1127,South,Industrial,2024-02-25,61.59,32.1,0,Active,5.13
1112,South,Commercial,2024-01-21,68.61,21.48,0,Active,4.92
1056,Central,Industrial,2024-08-25,68.87,26.11,76,Faulty,4.89
1122,North,Residential,2024-08-13,73.72,24.86,0,Active,8.8
1023,Central,Commercial,2024-05-03,82.99,22.18,178,Faulty,7.77
1047,South,Industrial,2024-02-14,22.75,8.52,139,Faulty,5.34
1122,South,Industrial,2024-09-17,86.91,21.47,80,Faulty,9.47
1001,North,Industrial,2024-09-22,16.49,8.0,0,Active,5.01
1138,Central,Residential,2024-04-22,44.22,9.2,0,Active,5.18
1003,Central,Industrial,2024-02-11,100.95,55.12,0,Active,7.49
1115,Central,Residential,2024-11-01,44.55,25.66,0,Active,4.54
1093,South,Residential,2024-04-08,101.17,59.28,0,Active,7.3
1086,North,Residential,2024-03-18,115.58,58.93,58,Faulty,5.97
1079,North,Commercial,2024-07-13,14.8,4.9,0,Active,6.34
1043,South,Commercial,2024-03-18,60.89,28.72,0,Active,8.68
1107,North,Industrial,2024-07-07,39.14,11.51,0,Active,5.29
1122,North,Industrial,2024-11-16,57.29,29.25,0,Active,8.83
1080,North,Commercial,2024-12-09,91.78,51.74,0,Active,5.24
1008,North,Residential,2024-03-20,32.57,14.48,142,Faulty,4.54
1004,South,Industrial,2024-06-13,72.55,31.71,167,Faulty,5.18
1101,North,Industrial,2024-10-16,57.09,14.09,0,Active,9.3
1019,South,Commercial,2024-03-03,33.86,14.34,0,Active,5.82
1094,South,Residential,2024-08-09,90.32,19.4,74,Faulty,5.26
1116,Central,Residential,2024-02-03,25.61,7.87,0,Active,8.51
1063,Central,Residential,2024-11-27,34.11,14.82,0,Active,7.61
1146,Central,Residential,2024-06-30,39.36,18.64,0,Active,5.93
1017,Central,Industrial,2024-02-18,7.25,3.38,83,Faulty,7.37
1101,South,Commercial,2024-01-15,30.26,7.61,0,Active,9.07
1010,South,Residential,2024-01-20,12.91,5.73,0,Active,8.52
1070,North,Residential,2024-05-02,39.98,17.55,0,Active,8.65
1150,Central,Residential,2024-05-02,101.72,50.31,21,Faulty,7.9
1127,South,Residential,2024-05-17,12.15,6.21,143,Faulty,6.62
1119,South,Industrial,2024-08-03,23.88,5.12,154,Faulty,8.07
1001,North,Residential,2024-09-29,11.79,5.26,163,Faulty,4.61
1083,Central,Commercial,2024-10-05,20.39,7.6,0,Active,6.54
1113,Central,Industrial,2024-05-10,46.26,20.03,0,Active,4.63
1133,Central,Commercial,2024-08-16,86.52,42.69,163,Faulty,8.67
1062,Central,Industrial,2024-12-06,94.08,47.65,0,Active,8.12
1118,Central,Residential,2024-05-02,23.69,10.19,143,Faulty,8.55
1094,South,Commercial,2024-10-07,36.04,8.27,0,Active,4.93
1006,North,Residential,2024-03-26,35.23,17.63,0,Active,9.46
1098,South,Commercial,2024-11-23,85.94,40.94,0,Active,5.84
1078,Central,Commercial,2024-04-19,18.92,5.16,0,Active,4.59
1111,North,Industrial,2024-12-06,16.22,9.08,26,Faulty,8.15
1027,Central,Industrial,2024-02-24,70.76,16.53,0,Active,8.97
1074,South,Industrial,2024-07-03,89.41,26.05,0,Active,4.65
1113,North,Industrial,2024-08-20,19.67,5.04,0,Active,7.57
1028,South,Industrial,2024-02-14,41.07,16.98,0,Active,8.7
1047,South,Commercial,2024-07-04,78.26,26.09,178,Faulty,5.37
1121,South,Industrial,2024-01-02,108.27,56.54,0,Active,6.99
1124,Central,Industrial,2024-03-18,65.35,18.81,46,Faulty,5.06
1096,South,Industrial,2024-04-11,23.13,8.31,165,Faulty,6.78
1131,South,Industrial,2024-05-11,31.55,9.53,0,Active,5.29
1129,North,Industrial,2024-07-26,19.29,8.64,0,Active,7.72
1027,Central,Industrial,2024-11-01,37.25,17.94,166,Faulty,8.94
1129,South,Industrial,2024-06-06,93.44,38.69,0,Active,9.15
1144,Central,Commercial,2024-03-26,53.97,24.88,110,Faulty,5.29
1145,South,Commercial,2024-08-12,5.09,2.15,0,Active,4.72
1058,South,Commercial,2024-05-12,74.9,24.67,0,Active,6.16
1142,North,Residential,2024-06-03,30.03,17.69,75,Faulty,5.04
1036,South,Commercial,2024-07-30,43.8,23.21,143,Faulty,8.91
1048,South,Residential,2024-11-30,97.38,19.5,48,Faulty,6.4
1125,Central,Residential,2024-05-29,63.46,18.24,0,Active,6.88
1040,South,Industrial,2024-06-29,42.34,23.81,0,Active,9.35
1054,South,Commercial,2024-09-21,17.65,7.07,0,Active,6.41
1075,Central,Residential,2024-09-17,80.67,33.46,0,Active,6.48
1135,North,Industrial,2024-04-01,88.22,51.05,0,Active,4.72
1090,South,Residential,2024-04-10,103.23,44.08,0,Active,6.89
1081,North,Commercial,2024-07-29,32.87,18.21,68,Faulty,8.99
1049,North,Industrial,2024-01-19,56.28,29.14,0,Active,7.72
1058,South,Commercial,2024-01-06,92.24,35.76,7,Faulty,9.1
1031,Central,Commercial,2024-12-17,6.49,3.84,0,Active,6.61
1073,Central,Industrial,2024-03-22,60.28,28.38,0,Active,9.42
1036,Central,Commercial,2024-02-17,78.1,17.87,100,Faulty,7.27
1108,North,Industrial,2024-05-26,82.18,26.7,25,Faulty,8.26
1041,South,Industrial,2024-09-05,10.9,4.12,0,Active,6.02
1044,South,Commercial,2024-10-25,67.52,15.44,0,Active,5.73
1126,North,Industrial,2024-12-16,111.35,37.64,0,Active,4.88
1023,Central,Commercial,2024-06-28,57.9,24.94,0,Active,9.29
1112,South,Commercial,2024-06-24,112.76,28.35,0,Active,5.97
1135,North,Industrial,2024-08-26,34.92,9.12,0,Active,6.83
1090,North,Industrial,2024-10-15,50.0,14.69,0,Active,7.22
1107,Central,Residential,2024-06-19,20.75,11.94,0,Active,4.9
1045,Central,Residential,2024-11-25,12.13,6.69,0,Active,6.13
1084,Central,Commercial,2024-01-03,16.88,9.93,0,Active,9.25
1115,South,Commercial,2024-09-03,53.9,13.95,0,Active,8.11
1069,Central,Residential,2024-11-10,31.8,9.56,0,Active,4.53
1066,North,Commercial,2024-06-17,40.88,12.55,0,Active,9.26
1015,North,Residential,2024-10-09,69.86,20.6,103,Faulty,5.39
1060,Central,Commercial,2024-07-13,107.62,29.24,0,Active,4.58
1018,Central,Residential,2024-10-06,91.08,39.21,0,Active,8.52
1117,South,Residential,2024-07-23,43.45,16.67,0,Active,5.25
1124,Central,Residential,2024-11-13,109.77,45.58,0,Active,8.74
1019,Central,Commercial,2024-05-02,97.32,22.89,0,Active,8.56
1145,South,Residential,2024-02-04,74.83,35.85,0,Active,7.44
1143,Central,Residential,2024-08-03,118.33,69.42,0,Active,7.18
1114,South,Commercial,2024-06-21,115.69,30.44,170,Faulty,4.9
1135,Central,Residential,2024-11-29,93.78,32.81,0,Active,4.76
1126,South,Residential,2024-05-01,79.61,47.49,109,Faulty,5.88
1141,South,Residential,2024-07-16,36.42,18.82,0,Active,4.84
1137,Central,Industrial,2024-07-19,98.31,21.95,143,Faulty,8.58
1059,Central,Residential,2024-07-04,41.14,8.6,0,Active,5.19
1021,South,Industrial,2024-09-09,113.68,67.8,59,Faulty,8.32
1090,South,Residential,2024-07-18,59.38,28.8,0,Active,9.19
1011,North,Commercial,2024-08-03,68.36,38.27,0,Active,5.23
1021,South,Residential,2024-06-27,11.82,6.86,0,Active,4.51
1095,North,Residential,2024-09-04,78.13,18.67,166,Faulty,8.78
1039,South,Residential,2024-12-15,59.81,13.79,0,Active,5.39
1094,Central,Residential,2024-12-27,27.06,8.89,25,Faulty,9.41
1146,Central,Industrial,2024-12-03,110.93,46.5,0,Active,6.85
1114,South,Residential,2024-05-05,42.24,11.43,0,Active,6.36
1108,Central,Commercial,2024-09-04,119.78,40.43,0,Active,6.02
1028,North,Industrial,2024-05-04,82.75,21.34,0,Active,6.23
1084,South,Residential,2024-02-24,70.19,34.71,0,Active,9.16
1080,Central,Commercial,2024-09-25,107.07,44.14,0,Active,7.7
1101,South,Industrial,2024-01-09,68.58,34.73,0,Active,8.85
1118,North,Industrial,2024-08-26,43.8,17.73,0,Active,7.59
1099,North,Residential,2024-09-09,92.34,18.64,0,Active,6.56
1028,South,Commercial,2024-11-12,109.87,53.69,40,Faulty,7.09
1089,Central,Commercial,2024-10-10,87.26,27.39,19,Faulty,8.08
1119,Central,Residential,2024-09-23,89.51,39.86,0,Active,6.21
1119,North,Industrial,2024-03-28,95.67,25.66,0,Active,5.26
1137,South,Commercial,2024-07-25,52.52,24.72,0,Active,8.54
1017,North,Industrial,2024-05-09,35.81,16.95,160,Faulty,6.25
1011,North,Commercial,2024-10-05,98.58,19.95,0,Active,8.46
1047,Central,Industrial,2024-08-03,106.22,28.59,144,Faulty,6.74
1074,Central,Commercial,2024-02-04,6.98,2.76,0,Active,7.97
1007,North,Residential,2024-09-17,53.67,16.17,0,Active,4.63
1037,North,Industrial,2024-10-28,52.23,30.91,0,Active,4.54
1006,Central,Industrial,2024-07-31,22.91,7.83,0,Active,7.88
1046,North,Industrial,2024-08-08,113.26,65.62,0,Active,8.72
1124,South,Residential,2024-04-22,47.86,15.57,0,Active,4.64
1135,South,Industrial,2024-01-31,83.36,20.0,0,Active,6.48
1126,North,Commercial,2024-05-29,86.67,26.01,0,Active,4.86
1003,North,Industrial,2024-06-16,108.55,34.06,0,Active,9.25
1096,South,Industrial,2024-07-21,11.63,5.3,92,Faulty,7.32
1044,North,Industrial,2024-01-25,100.13,38.7,52,Faulty,4.78
1120,Central,Residential,2024-03-14,80.21,16.81,0,Active,6.28
1129,South,Commercial,2024-09-05,21.64,9.25,0,Active,5.57
1068,North,Industrial,2024-06-07,47.01,15.11,168,Faulty,8.3
1046,North,Residential,2024-11-01,71.73,24.72,6,Faulty,6.8
1130,Central,Commercial,2024-06-16,22.9,10.34,0,Active,6.08
1097,Central,Residential,2024-04-22,61.75,32.81,0,Active,6.13
1108,North,Residential,2024-04-23,17.38,4.1,0,Active,6.43
1093,North,Industrial,2024-04-04,35.45,18.69,0,Active,7.96
1056,North,Commercial,2024-05-15,46.45,22.31,0,Active,6.97
1007,South,Residential,2024-09-27,83.78,17.52,0,Active,4.51
1138,South,Commercial,2024-05-23,104.63,60.07,0,Active,9.36
1071,North,Commercial,2024-10-26,117.39,42.9,0,Active,5.12
1045,North,Commercial,2024-11-11,86.28,43.9,173,Faulty,7.34
1035,South,Industrial,2024-07-09,11.73,5.47,0,Active,8.91
1006,North,Residential,2024-01-10,57.43,19.77,56,Faulty,6.85
1005,Central,Industrial,2024-11-27,39.64,23.58,0,Active,9.0
1093,North,Industrial,2024-01-19,62.98,31.5,107,Faulty,4.86
1116,Central,Residential,2024-12-08,106.21,47.06,0,Active,7.17
1129,North,Residential,2024-03-04,36.59,18.76,0,Active,7.96
1021,South,Commercial,2024-05-22,56.02,22.08,0,Active,7.39
1089,Central,Industrial,2024-01-07,112.35,36.45,0,Active,7.52
1078,North,Residential,2024-12-02,99.8,38.86,130,Faulty,6.23
1148,Central,Residential,2024-02-06,27.08,15.51,0,Active,7.4
1092,Central,Residential,2024-02-19,56.04,20.5,139,Faulty,7.51
1096,Central,Residential,2024-12-26,12.18,5.46,0,Active,8.06
1125,North,Commercial,2024-01-31,24.64,13.45,55,Faulty,5.52
1090,Central,Commercial,2024-10-20,81.32,46.22,0,Active,7.66
1145,Central,Commercial,2024-02-16,51.74,11.75,0,Active,8.16
1132,South,Residential,2024-09-18,48.58,17.35,0,Active,8.64
1031,South,Residential,2024-04-19,57.12,31.4,0,Active,7.62
1042,North,Industrial,2024-02-03,48.61,27.52,130,Faulty,8.73
1015,Central,Residential,2024-09-13,47.31,9.69,0,Active,9.18
1012,South,Residential,2024-06-06,117.49,45.58,155,Faulty,6.45
1050,North,Industrial,2024-09-17,107.98,40.39,0,Active,5.71
1146,Central,Residential,2024-02-07,81.56,35.26,80,Faulty,7.56
1025,Central,Industrial,2024-08-29,111.04,60.58,0,Active,4.59
1150,Central,Commercial,2024-09-29,77.57,36.65,0,Active,6.43
1080,North,Commercial,2024-11-29,68.34,21.32,0,Active,5.83
1029,North,Residential,2024-11-04,31.59,13.22,171,Faulty,8.51
1048,South,Residential,2024-11-08,74.89,38.34,135,Faulty,8.14
1059,North,Commercial,2024-06-28,103.88,50.6,0,Active,9.43
1106,Central,Commercial,2024-04-10,75.15,41.6,0,Active,7.21
1019,Central,Residential,2024-11-17,67.32,15.42,94,Faulty,7.1
1136,South,Commercial,2024-12-13,81.1,19.66,0,Active,8.34
1117,North,Commercial,2024-08-05,49.88,27.52,102,Faulty,6.54
1102,South,Industrial,2024-07-22,119.33,31.66,0,Active,6.69
1059,Central,Commercial,2024-05-23,6.92,3.12,0,Active,5.56
1082,Central,Commercial,2024-09-09,116.22,32.36,0,Active,6.69
1138,South,Residential,2024-08-30,60.42,26.76,0,Active,5.61
1150,Central,Commercial,2024-10-08,17.37,5.94,0,Active,5.46
1082,South,Industrial,2024-09-25,100.99,56.98,0,Active,4.73
1043,Central,Commercial,2024-06-13,79.19,44.65,28,Faulty,7.77
1108,North,Industrial,2024-11-15,23.64,8.63,37,Faulty,8.3
1143,North,Industrial,2024-11-25,37.01,14.72,0,Active,9.22
1027,South,Commercial,2024-11-05,91.45,29.88,0,Active,5.13
1149,Central,Industrial,2024-10-24,37.53,7.91,0,Active,5.3
1030,South,Commercial,2024-09-11,25.9,6.13,0,Active,6.21
1147,Central,Industrial,2024-07-27,108.89,33.18,0,Active,7.69
1048,Central,Commercial,2024-11-02,45.05,21.08,0,Active,5.42
1090,North,Industrial,2024-04-13,20.72,6.34,0,Active,4.69
1052,Central,Industrial,2024-08-17,60.27,23.76,0,Active,8.74
1078,Central,Residential,2024-09-24,88.57,21.57,0,Active,6.03
1064,North,Industrial,2024-11-20,59.72,21.63,41,Faulty,6.19
1142,Central,Commercial,2024-12-20,21.77,8.6,0,Active,4.78
1083,South,Industrial,2024-03-03,116.46,47.56,0,Active,5.01
1122,South,Commercial,2024-11-23,39.92,10.46,0,Active,7.03
1018,Central,Residential,2024-04-13,43.4,16.25,0,Active,7.33
1052,North,Residential,2024-05-18,46.05,22.08,0,Active,9.29
1055,North,Commercial,2024-09-20,57.8,14.86,0,Active,9.48
1062,Central,Commercial,2024-08-31,39.25,15.5,0,Active,8.34
1019,South,Commercial,2024-07-08,116.22,54.54,120,Faulty,7.77
1054,South,Residential,2024-04-20,11.86,2.85,0,Active,7.44
1068,Central,Residential,2024-08-14,110.19,59.38,0,Active,4.83
1095,North,Industrial,2024-04-12,32.87,9.03,162,Faulty,6.98
1009,South,Residential,2024-10-26,92.44,55.16,170,Faulty,5.79
1103,South,Residential,2024-07-26,10.92,6.12,0,Active,5.26
1064,Central,Commercial,2024-11-30,40.67,13.74,0,Active,8.59
1093,Central,Residential,2024-07-20,79.18,27.03,9,Faulty,6.05
1001,Central,Industrial,2024-08-17,47.93,26.38,119,Faulty,4.68
1012,Central,Commercial,2024-06-15,104.35,29.02,0,Active,7.98
1046,South,Commercial,2024-11-23,16.82,4.34,28,Faulty,7.99
1022,South,Residential,2024-07-24,99.08,34.53,60,Faulty,4.79
1075,North,Commercial,2024-04-25,54.19,32.04,0,Active,5.06
1091,South,Residential,2024-03-29,15.48,6.88,0,Active,9.03
1072,North,Industrial,2024-05-14,83.7,44.41,0,Active,7.42
1007,North,Commercial,2024-10-16,103.01,33.99,0,Active,9.17
1048,Central,Industrial,2024-01-05,35.92,13.36,0,Active,4.87
1098,South,Residential,2024-06-05,107.01,64.11,0,Active,6.97
1104,North,Industrial,2024-05-28,101.72,34.63,0,Active,5.49
1118,South,Residential,2024-06-27,29.73,8.35,179,Faulty,7.08
1013,South,Industrial,2024-12-23,68.01,20.94,115,Faulty,5.11
1050,South,Residential,2024-04-21,34.78,19.26,0,Active,4.63
1148,Central,Residential,2024-03-12,30.9,9.2,0,Active,9.16
1116,South,Residential,2024-06-02,54.46,22.74,0,Active,5.63
1018,South,Residential,2024-02-25,52.5,16.54,0,Active,8.33
1098,South,Industrial,2024-06-27,63.9,21.17,0,Active,8.45
1118,North,Industrial,2024-10-10,114.42,60.4,0,Active,7.06
1063,North,Commercial,2024-06-30,99.3,45.73,0,Active,6.29
1094,North,Commercial,2024-01-14,13.06,7.29,0,Active,6.14
1063,Central,Commercial,2024-06-09,74.51,32.9,0,Active,6.38
1012,Central,Commercial,2024-10-04,31.99,18.6,0,Active,7.2
1112,South,Industrial,2024-01-23,43.63,18.81,42,Faulty,9.23
1107,Central,Industrial,2024-04-29,112.48,61.17,0,Active,6.79
1060,Central,Commercial,2024-09-20,40.92,11.11,0,Active,5.49
1102,Central,Commercial,2024-06-10,55.46,13.68,0,Active,8.49
1032,Central,Commercial,2024-05-15,65.21,27.16,0,Active,5.69
1112,South,Commercial,2024-11-12,104.26,43.98,0,Active,6.72
1092,South,Residential,2024-02-25,92.5,50.43,0,Active,4.81
1049,Central,Residential,2024-10-14,25.5,9.41,0,Active,6.15
1070,North,Residential,2024-12-05,108.39,61.22,0,Active,5.06
1112,North,Residential,2024-02-02,8.35,2.48,0,Active,5.5
1051,South,Industrial,2024-07-17,30.44,9.82,0,Active,6.18
1001,Central,Residential,2024-09-02,37.83,11.07,0,Active,4.52
1019,South,Commercial,2024-10-29,65.56,13.82,0,Active,4.63
1090,Central,Industrial,2024-04-15,35.67,8.9,53,Faulty,8.73
1072,Central,Industrial,2024-11-22,103.08,39.29,0,Active,7.96
1026,North,Residential,2024-06-17,74.35,35.12,53,Faulty,6.48
1002,North,Industrial,2024-12-12,79.48,20.17,0,Active,5.93
1132,North,Commercial,2024-08-20,71.71,21.1,0,Active,9.46
1079,South,Commercial,2024-08-22,102.45,51.16,0,Active,9.37
1121,South,Industrial,2024-07-04,11.82,4.69,5,Faulty,8.95
1120,South,Residential,2024-07-07,83.59,41.87,67,Faulty,7.6
1116,Central,Industrial,2024-01-10,77.53,36.49,137,Faulty,6.79
1136,Central,Residential,2024-10-24,99.17,28.94,0,Active,4.7
1115,North,Residential,2024-10-01,52.09,28.12,152,Faulty,7.23
1140,North,Industrial,2024-05-21,91.27,31.21,0,Active,7.43
1032,North,Residential,2024-04-19,73.19,24.73,0,Active,4.51
1119,Central,Industrial,2024-02-19,95.42,31.36,0,Active,8.2
1127,Central,Commercial,2024-08-31,30.1,16.13,85,Faulty,5.15
1102,South,Commercial,2024-10-09,94.34,50.09,0,Active,5.28
1112,North,Residential,2024-08-06,110.27,23.34,0,Active,7.5
1069,North,Industrial,2024-02-22,112.44,27.14,105,Faulty,6.17
1029,Central,Residential,2024-09-10,101.14,51.39,0,Active,5.05
1021,South,Industrial,2024-05-04,62.07,26.15,0,Active,7.62
1065,South,Industrial,2024-04-22,22.35,11.73,0,Active,6.12
1123,Central,Residential,2024-07-20,48.08,27.1,0,Active,6.98
1077,South,Commercial,2024-03-17,89.02,37.84,0,Active,5.29
1058,South,Commercial,2024-09-13,37.86,18.56,0,Active,5.87
1104,Central,Residential,2024-10-28,86.43,40.64,180,Faulty,8.24
1025,North,Residential,2024-08-24,84.81,27.11,0,Active,9.43
1080,Central,Residential,2024-04-24,23.87,9.57,0,Active,4.73
1007,North,Commercial,2024-02-23,46.78,19.19,0,Active,9.33
1032,South,Commercial,2024-06-15,92.98,22.69,0,Active,9.06
1013,South,Residential,2024-06-21,60.37,17.25,0,Active,8.38
1105,Central,Commercial,2024-05-16,112.64,60.48,95,Faulty,7.43
1128,Central,Industrial,2024-11-29,99.25,29.02,0,Active,6.14
1046,North,Industrial,2024-03-25,86.69,33.56,0,Active,7.36
1025,South,Residential,2024-03-24,81.5,42.8,0,Active,7.79
1044,North,Industrial,2024-06-06,69.37,35.45,0,Active,5.1
1037,Central,Commercial,2024-04-09,22.12,11.35,172,Faulty,5.58
1006,South,Residential,2024-11-02,21.19,12.25,79,Faulty,8.11
1034,North,Industrial,2024-02-05,68.72,25.74,51,Faulty,9.44
1129,South,Commercial,2024-06-09,112.62,26.41,0,Active,5.27
1023,North,Commercial,2024-11-23,60.08,18.55,0,Active,8.88
1025,Central,Residential,2024-01-12,25.05,10.28,0,Active,7.04
1149,North,Residential,2024-11-21,44.38,25.61,0,Active,7.61
1130,South,Commercial,2024-09-19,17.7,6.75,0,Active,6.35
1142,Central,Residential,2024-01-25,35.23,13.68,0,Active,6.88
1053,Central,Industrial,2024-04-13,43.25,23.13,0,Active,5.6
1074,South,Industrial,2024-11-22,96.66,55.39,0,Active,5.44
1135,North,Residential,2024-01-10,12.51,7.29,0,Active,8.17
1091,North,Commercial,2024-02-09,86.15,17.85,0,Active,9.18
1066,South,Industrial,2024-06-07,97.14,38.41,0,Active,7.85
1023,North,Commercial,2024-07-06,48.61,28.16,166,Faulty,7.1
1116,South,Industrial,2024-11-19,46.73,20.77,64,Faulty,4.9
1020,North,Residential,2024-03-02,66.91,29.19,107,Faulty,7.12
1036,Central,Commercial,2024-04-30,110.52,62.42,0,Active,7.23
1078,Central,Industrial,2024-09-20,15.72,4.94,0,Active,8.48
1080,Central,Residential,2024-07-17,72.3,27.06,0,Active,5.64
1048,Central,Commercial,2024-03-01,15.64,7.31,0,Active,7.3
1133,Central,Commercial,2024-02-29,117.37,33.04,0,Active,8.37
1099,Central,Commercial,2024-08-13,8.57,3.24,112,Faulty,8.2
1141,Central,Residential,2024-02-10,113.45,45.39,0,Active,4.89
1138,North,Residential,2024-11-29,9.38,3.06,0,Active,6.33
1028,North,Residential,2024-10-17,28.05,7.57,0,Active,7.22
1100,Central,Residential,2024-07-04,48.41,12.88,0,Active,5.23
1083,South,Residential,2024-08-05,99.59,54.7,0,Active,7.11
1071,Central,Commercial,2024-04-06,23.88,4.85,0,Active,4.78
1023,North,Industrial,2024-02-23,26.16,9.9,0,Active,5.62
1056,South,Commercial,2024-01-20,114.34,50.87,0,Active,7.98
1056,Central,Residential,2024-01-12,25.67,7.56,0,Active,7.03
1091,South,Residential,2024-08-02,118.17,44.07,0,Active,8.94
1083,North,Residential,2024-03-05,68.89,36.68,0,Active,5.9
1047,South,Commercial,2024-05-29,49.18,11.3,104,Faulty,8.22
1041,North,Commercial,2024-06-27,118.29,70.87,0,Active,5.91
1126,North,Commercial,2024-10-31,81.2,32.34,0,Active,9.24
1147,North,Residential,2024-10-30,13.92,5.75,127,Faulty,7.95
1128,South,Residential,2024-12-20,22.37,5.0,30,Faulty,6.55
1099,North,Residential,2024-08-25,11.98,6.83,0,Active,6.08
1109,South,Commercial,2024-06-24,22.63,11.09,48,Faulty,6.41
1065,South,Industrial,2024-07-03,17.46,8.16,0,Active,7.88
1093,Central,Commercial,2024-07-14,37.64,13.85,0,Active,9.07
1090,Central,Residential,2024-12-14,92.26,38.1,0,Active,9.5
1047,North,Industrial,2024-10-26,60.2,18.8,42,Faulty,6.16
1135,Central,Industrial,2024-09-29,38.05,11.52,0,Active,8.4
1142,North,Commercial,2024-09-07,114.87,26.99,56,Faulty,5.58
1124,Central,Residential,2024-03-02,89.65,28.51,0,Active,6.25
1084,North,Residential,2024-05-30,38.95,21.68,0,Active,6.0
1150,North,Residential,2024-09-30,49.67,26.57,0,Active,7.37
1029,Central,Residential,2024-04-30,35.66,12.89,0,Active,4.63
1078,North,Commercial,2024-10-23,78.01,18.38,0,Active,8.37
1101,North,Commercial,2024-11-15,56.61,11.45,0,Active,6.17
1120,Central,Industrial,2024-03-03,85.3,35.01,78,Faulty,7.64
1001,Central,Commercial,2024-09-16,24.11,13.7,0,Active,5.71
1108,North,Industrial,2024-04-13,57.15,28.83,0,Active,4.62
1059,Central,Residential,2024-05-12,8.72,2.09,0,Active,9.27
1137,North,Industrial,2024-12-21,101.6,55.31,0,Active,5.15
1031,South,Commercial,2024-12-29,99.24,28.19,0,Active,5.17
1046,South,Commercial,2024-11-24,32.58,17.1,0,Active,8.8
1064,Central,Industrial,2024-09-27,48.46,12.16,83,Faulty,7.56
1033,Central,Industrial,2024-10-12,93.31,45.32,17,Faulty,9.11
1096,North,Industrial,2024-03-05,32.6,10.69,16,Faulty,8.19
1060,North,Residential,2024-07-08,36.81,15.43,0,Active,4.62
1011,North,Residential,2024-07-06,34.43,10.79,119,Faulty,6.81
1047,Central,Residential,2024-04-09,110.65,30.65,115,Faulty,9.03
1094,South,Residential,2024-07-20,88.98,42.9,0,Active,9.2
1079,Central,Commercial,2024-04-17,119.73,26.4,0,Active,5.34
1137,North,Industrial,2024-06-23,75.93,17.33,0,Active,9.14
1104,Central,Industrial,2024-03-19,57.97,15.2,0,Active,7.51
1016,Central,Residential,2024-02-21,92.77,20.82,0,Active,6.19
1139,North,Residential,2024-06-26,5.54,2.44,102,Faulty,9.18
1073,Central,Residential,2024-06-04,105.22,50.27,0,Active,4.75
1043,Central,Residential,2024-05-05,42.36,20.15,175,Faulty,6.16
1124,North,Industrial,2024-02-09,50.81,13.92,0,Active,7.3
1027,North,Industrial,2024-04-02,16.63,8.17,0,Active,5.7
1003,South,Commercial,2024-04-07,47.59,12.98,0,Active,9.31
1061,Central,Commercial,2024-08-25,106.23,31.38,0,Active,6.6
1088,North,Residential,2024-07-06,17.52,4.18,21,Faulty,6.68
1049,South,Industrial,2024-11-29,115.26,26.87,148,Faulty,7.53
1018,South,Residential,2024-02-22,103.55,41.79,0,Active,7.43
1045,Central,Commercial,2024-06-12,116.77,68.03,0,Active,6.98
1101,South,Commercial,2024-09-02,38.35,22.76,0,Active,6.61
1012,North,Residential,2024-05-05,34.55,9.73,77,Faulty,6.68
1064,North,Residential,2024-07-05,14.25,7.74,0,Active,6.15
1129,Central,Residential,2024-01-15,49.5,15.36,0,Active,7.73
1104,North,Industrial,2024-09-16,63.35,29.46,0,Active,5.53
1081,Central,Commercial,2024-08-16,101.67,53.51,0,Active,7.9
1036,South,Industrial,2024-12-20,116.22,63.12,0,Active,7.85
1079,South,Commercial,2024-11-27,104.36,25.29,149,Faulty,8.93
1016,Central,Residential,2024-03-08,56.94,25.83,0,Active,5.79
1071,Central,Commercial,2024-10-12,59.43,29.59,0,Active,5.03
1131,North,Commercial,2024-02-29,62.21,33.85,66,Faulty,6.44
1057,North,Residential,2024-12-01,13.24,4.35,0,Active,7.99
1093,Central,Industrial,2024-09-28,5.34,2.38,0,Active,5.07
1075,North,Residential,2024-02-08,16.57,9.17,0,Active,6.69
1148,Central,Residential,2024-01-16,106.98,63.79,77,Faulty,7.27
1071,Central,Residential,2024-09-27,33.74,18.17,0,Active,7.47
1061,Central,Residential,2024-09-12,37.14,22.11,0,Active,4.55
1028,South,Commercial,2024-10-19,75.31,15.77,167,Faulty,5.43
1070,North,Industrial,2024-08-12,85.18,43.31,0,Active,6.99
1128,South,Commercial,2024-10-12,62.94,14.53,148,Faulty,6.32
1050,Central,Residential,2024-01-07,18.94,5.6,0,Active,7.64
1099,North,Commercial,2024-09-24,32.81,7.34,0,Active,9.36
1018,Central,Residential,2024-03-26,17.59,9.58,0,Active,6.65
1084,Central,Commercial,2024-09-02,51.62,15.09,48,Faulty,8.37
1039,Central,Commercial,2024-11-01,109.41,32.36,0,Active,6.9
1141,Central,Commercial,2024-12-14,37.95,22.19,157,Faulty,5.05
1146,North,Industrial,2024-07-09,114.84,40.18,60,Faulty,8.84
1042,South,Industrial,2024-03-18,14.93,6.95,0,Active,7.79
1113,North,Residential,2024-01-27,37.19,14.99,0,Active,6.62
1031,Central,Industrial,2024-04-01,27.25,8.24,0,Active,4.74
1066,North,Industrial,2024-01-11,30.7,10.04,0,Active,8.27
1085,North,Industrial,2024-11-08,9.97,5.56,99,Faulty,6.08
1094,South,Industrial,2024-09-09,17.4,3.84,0,Active,5.38
1105,South,Industrial,2024-03-18,12.98,4.13,0,Active,7.41
1036,North,Industrial,2024-01-24,81.56,17.9,0,Active,7.13
1056,North,Residential,2024-05-07,100.07,36.17,84,Faulty,6.77
1143,South,Industrial,2024-12-02,60.78,22.46,160,Faulty,8.37
1116,Central,Commercial,2024-07-10,102.6,53.18,0,Active,4.91
1085,North,Residential,2024-08-21,25.91,8.09,108,Faulty,6.64
1123,Central,Commercial,2024-08-16,107.16,59.99,0,Active,8.37
1098,South,Commercial,2024-09-09,94.99,47.99,0,Active,7.41
1071,Central,Industrial,2024-07-01,55.73,26.19,159,Faulty,8.37
1106,North,Commercial,2024-04-30,74.95,25.76,0,Active,9.26
1028,South,Residential,2024-06-26,69.23,19.01,0,Active,7.32
1143,Central,Industrial,2024-06-16,93.16,45.59,0,Active,7.96
1017,North,Industrial,2024-04-19,60.79,30.86,0,Active,8.39
1125,Central,Industrial,2024-09-26,97.78,56.38,0,Active,8.24
1051,Central,Commercial,2024-02-03,98.37,41.98,0,Active,6.8
1099,South,Commercial,2024-04-11,98.55,25.7,0,Active,7.44
1132,Central,Residential,2024-09-23,107.0,54.01,0,Active,6.34
1032,North,Commercial,2024-09-04,6.58,3.45,0,Active,6.88
1077,Central,Commercial,2024-11-19,15.86,4.32,45,Faulty,6.42
1142,South,Commercial,2024-04-11,74.16,33.49,0,Active,9.1
1115,Central,Residential,2024-06-18,59.1,27.55,0,Active,8.56
1122,North,Residential,2024-07-04,66.54,35.82,0,Active,7.71
1046,North,Residential,2024-05-09,47.78,28.62,0,Active,7.04
1121,Central,Commercial,2024-11-10,41.1,23.83,172,Faulty,7.19
1059,North,Commercial,2024-02-28,47.66,20.7,0,Active,4.98
1143,North,Industrial,2024-02-04,110.32,30.76,0,Active,7.84
1147,Central,Residential,2024-03-19,11.04,5.62,18,Faulty,6.35
1134,North,Industrial,2024-04-14,106.42,56.94,0,Active,5.02
1036,Central,Commercial,2024-08-13,55.37,11.79,0,Active,7.39
1150,Central,Residential,2024-01-29,59.82,34.77,0,Active,4.97
1132,South,Residential,2024-11-27,60.03,18.7,0,Active,5.63
1120,South,Industrial,2024-06-01,57.09,16.64,0,Active,8.77
1085,North,Commercial,2024-10-23,99.73,40.21,0,Active,9.21
1010,Central,Industrial,2024-01-10,42.18,16.08,0,Active,7.26
1028,Central,Commercial,2024-08-25,42.81,22.13,0,Active,6.48
1014,South,Industrial,2024-05-13,75.39,21.34,0,Active,6.41
1025,South,Commercial,2024-12-17,104.67,30.31,66,Faulty,4.87
1058,North,Commercial,2024-02-16,77.25,22.35,15,Faulty,4.97
1052,Central,Commercial,2024-09-23,76.97,16.63,0,Active,8.51
1114,Central,Residential,2024-04-27,15.57,8.55,0,Active,8.42
1093,North,Industrial,2024-08-11,81.72,27.4,0,Active,8.15
1060,South,Industrial,2024-08-30,20.21,8.38,0,Active,9.46
1021,North,Residential,2024-04-21,57.25,12.81,46,Faulty,9.2
1107,Central,Residential,2024-03-06,115.77,36.61,76,Faulty,6.51
1115,North,Commercial,2024-08-17,70.01,24.26,45,Faulty,9.28
1084,South,Residential,2024-08-15,92.19,27.4,0,Active,6.59
1044,North,Residential,2024-01-05,63.84,29.64,0,Active,7.46
1052,Central,Residential,2024-09-01,13.67,7.81,0,Active,6.56
1109,South,Residential,2024-07-09,118.89,43.64,126,Faulty,7.95
1128,Central,Commercial,2024-03-25,79.62,18.46,0,Active,5.47
1017,South,Residential,2024-04-20,11.69,6.87,0,Active,8.23
1019,North,Industrial,2024-03-07,66.82,38.62,145,Faulty,5.04
1068,North,Commercial,2024-05-22,26.98,15.37,0,Active,6.06
1108,South,Commercial,2024-04-01,32.7,16.69,0,Active,9.03
1038,South,Industrial,2024-08-22,23.51,5.65,0,Active,4.59
1055,Central,Commercial,2024-10-27,78.91,17.14,121,Faulty,5.68
1004,Central,Commercial,2024-12-04,78.01,37.22,0,Active,5.05
1012,South,Residential,2024-04-16,68.08,23.64,63,Faulty,4.97
1142,Central,Residential,2024-03-03,49.8,14.54,0,Active,6.58
1067,South,Industrial,2024-03-24,18.49,8.4,22,Faulty,5.83
1059,North,Commercial,2024-10-13,110.05,27.2,0,Active,5.53
1010,North,Residential,2024-06-16,82.21,48.53,0,Active,6.69
1139,North,Commercial,2024-04-24,90.19,51.14,5,Faulty,6.84
1063,Central,Residential,2024-10-19,87.28,35.04,0,Active,8.7
1005,North,Commercial,2024-06-30,47.33,15.79,0,Active,5.07
1114,Central,Commercial,2024-02-29,17.59,8.57,133,Faulty,8.02
1139,South,Industrial,2024-03-07,91.93,46.63,59,Faulty,7.06
1005,Central,Industrial,2024-04-22,26.32,7.57,0,Active,6.37
1049,Central,Residential,2024-10-08,63.31,15.42,0,Active,5.93
1135,Central,Industrial,2024-02-12,114.79,57.07,0,Active,6.66
1032,Central,Industrial,2024-12-26,9.12,2.71,0,Active,4.58
1102,Central,Residential,2024-10-22,45.56,11.26,0,Active,6.8
1118,South,Residential,2024-09-05,30.81,11.83,0,Active,9.37
1102,South,Commercial,2024-07-03,45.57,14.03,0,Active,8.62
1055,South,Residential,2024-07-29,30.56,9.92,0,Active,6.32
1060,Central,Residential,2024-09-19,63.08,26.93,0,Active,8.14
1141,North,Industrial,2024-09-24,96.98,42.09,0,Active,5.59
1096,North,Commercial,2024-08-27,47.8,23.33,0,Active,5.75
1021,Central,Residential,2024-03-06,116.05,39.3,0,Active,8.28
1030,South,Commercial,2024-02-21,7.15,3.9,0,Active,8.64
1142,North,Industrial,2024-11-19,91.26,42.72,0,Active,5.74
1135,North,Industrial,2024-06-23,67.5,15.02,0,Active,4.85
1013,Central,Residential,2024-03-07,69.69,35.41,0,Active,9.12
1044,Central,Residential,2024-07-20,37.44,16.23,0,Active,5.42
1059,South,Residential,2024-02-02,8.63,2.71,55,Faulty,7.74
1026,North,Commercial,2024-03-15,97.13,55.69,0,Active,8.11
1122,South,Residential,2024-05-20,5.64,2.28,0,Active,8.48
1007,Central,Residential,2024-08-29,104.12,51.14,0,Active,7.03
1118,Central,Commercial,2024-07-07,43.36,24.78,0,Active,7.96
1022,North,Commercial,2024-04-08,80.86,35.28,37,Faulty,9.31
1053,Central,Commercial,2024-12-29,48.44,27.13,126,Faulty,8.63
1114,Central,Commercial,2024-06-17,115.71,33.06,58,Faulty,7.53
1057,South,Industrial,2024-02-27,78.04,21.12,171,Faulty,7.92
1100,North,Residential,2024-04-13,81.61,36.64,0,Active,7.22
1052,Central,Commercial,2024-02-23,72.13,21.37,0,Active,7.75
1121,North,Commercial,2024-08-09,69.84,37.14,0,Active,7.13
1009,South,Industrial,2024-10-04,20.37,10.24,0,Active,7.28
1110,South,Industrial,2024-10-16,116.98,45.61,0,Active,5.13
1146,Central,Commercial,2024-11-14,95.1,30.91,0,Active,6.14
1142,Central,Industrial,2024-04-26,56.41,31.06,59,Faulty,8.8
1068,South,Residential,2024-05-14,117.23,38.68,0,Active,9.46
1128,South,Industrial,2024-07-05,45.03,21.06,36,Faulty,8.14
1128,South,Industrial,2024-01-10,5.51,1.58,0,Active,9.1
1011,Central,Residential,2024-12-04,87.13,30.95,0,Active,6.81
1141,Central,Commercial,2024-03-14,99.69,40.98,79,Faulty,6.4
1097,South,Commercial,2024-02-11,96.85,28.02,0,Active,6.13
1130,North,Residential,2024-03-07,87.17,42.1,176,Faulty,7.37
1137,North,Residential,2024-11-01,106.99,22.68,0,Active,6.57
1092,South,Industrial,2024-05-25,50.1,25.04,0,Active,5.3
1066,South,Residential,2024-09-23,65.76,30.21,0,Active,9.11
1009,Central,Industrial,2024-08-12,67.31,33.9,166,Faulty,6.22
1071,South,Industrial,2024-12-13,83.95,31.55,0,Active,6.41
1026,Central,Industrial,2024-12-03,52.12,27.63,0,Active,5.48
1031,North,Industrial,2024-09-04,74.67,43.18,157,Faulty,7.26
1127,North,Industrial,2024-09-03,58.66,20.74,0,Active,4.85
1042,South,Commercial,2024-08-24,103.47,58.69,143,Faulty,8.19
1038,North,Commercial,2024-11-23,50.29,16.97,156,Faulty,5.85
1140,Central,Industrial,2024-04-09,84.65,38.48,164,Faulty,8.22
1044,North,Industrial,2024-02-12,27.96,10.35,0,Active,7.38
1124,South,Commercial,2024-09-22,15.56,7.03,0,Active,6.26
1096,Central,Commercial,2024-08-15,117.85,54.22,0,Active,5.15
1009,Central,Industrial,2024-12-24,27.0,12.18,0,Active,7.68
1068,Central,Industrial,2024-12-07,16.29,9.08,0,Active,7.49
1033,Central,Commercial,2024-02-07,10.2,2.98,0,Active,8.2
1023,Central,Industrial,2024-05-23,51.47,22.46,138,Faulty,6.54
1079,South,Industrial,2024-09-16,39.84,12.84,0,Active,8.47
1084,North,Residential,2024-11-26,67.78,16.14,106,Faulty,4.68
1070,North,Commercial,2024-11-21,88.37,19.61,0,Active,9.19
1016,North,Commercial,2024-02-16,73.73,36.63,0,Active,4.91
1053,Central,Commercial,2024-09-08,95.33,32.96,0,Active,5.97
1132,North,Residential,2024-05-18,91.91,51.56,0,Active,8.95
1022,South,Industrial,2024-01-11,99.33,23.85,0,Active,9.4
1007,North,Commercial,2024-03-17,19.94,10.89,124,Faulty,4.78
1130,Central,Industrial,2024-03-12,102.04,37.29,0,Active,5.87
1076,South,Commercial,2024-11-24,62.51,29.93,0,Active,4.68
1100,North,Commercial,2024-07-14,15.57,8.03,0,Active,6.24
1064,Central,Commercial,2024-03-19,80.81,35.51,72,Faulty,8.97
1041,North,Residential,2024-10-28,88.73,26.76,0,Active,6.99
1150,South,Residential,2024-11-23,40.65,14.31,0,Active,6.03
1065,North,Residential,2024-08-21,6.91,1.39,0,Active,9.08
1136,Central,Residential,2024-02-12,103.9,24.84,0,Active,5.41
1024,North,Industrial,2024-01-06,61.6,16.07,140,Faulty,7.02
1055,Central,Industrial,2024-12-30,110.06,40.55,0,Active,8.79
1102,South,Commercial,2024-10-25,62.53,19.46,0,Active,8.47
1064,Central,Residential,2024-10-24,59.82,26.17,0,Active,7.85
1089,Central,Residential,2024-06-14,40.82,16.71,0,Active,7.22
1093,Central,Industrial,2024-02-18,89.08,29.88,0,Active,9.16
1148,North,Commercial,2024-12-29,83.67,29.66,0,Active,4.76
1086,North,Industrial,2024-12-25,17.62,9.0,82,Faulty,6.69
1058,North,Residential,2024-03-08,10.63,3.7,0,Active,8.87
1114,North,Industrial,2024-10-29,82.04,25.86,148,Faulty,8.15
1062,South,Industrial,2024-07-24,29.37,12.18,0,Active,5.27
1123,South,Industrial,2024-08-28,111.86,45.08,59,Faulty,5.18
1149,North,Industrial,2024-03-24,76.18,34.41,0,Active,7.28
1134,North,Residential,2024-11-30,42.01,24.41,0,Active,8.76
1099,North,Commercial,2024-04-12,46.35,27.3,0,Active,5.31
